,close,high,low,volume
2024-01-01 00:00:00,0.9992156990692288,1.000214914768298,0.9982164833701596,1000
2024-01-01 00:01:00,0.9998854352880012,1.000885320723289,0.9988855498527133,1000
2024-01-01 00:02:00,0.9994028161844991,1.0004022190006836,0.9984034133683146,1000
2024-01-01 00:03:00,1.0000972747133023,1.0010973719880156,0.9990971774385891,1000
2024-01-01 00:04:00,0.9981924990405637,0.9991906915396042,0.9971943065415232,1000
2024-01-01 00:05:00,0.9981397624149999,0.9991379021774148,0.9971416226525849,1000
2024-01-01 00:06:00,0.9976061924442247,0.9986037986366688,0.9966085862517804,1000
2024-01-01 00:07:00,0.9966061623640248,0.9976027685263887,0.9956095562016607,1000
2024-01-01 00:08:00,0.9972622563779854,0.9982595186343632,0.9962649941216074,1000
2024-01-01 00:09:00,0.9991217385004256,1.000120860238926,0.9981226167619252,1000
2024-01-01 00:10:00,0.9986897111307487,0.9996884008418793,0.997691021419618,1000
2024-01-01 00:11:00,0.9991836256274922,1.0001828092531195,0.9981844420018647,1000
2024-01-01 00:12:00,0.9973700864028757,0.9983674564892785,0.9963727163164728,1000
2024-01-01 00:13:00,0.9971838295926065,0.998181013422199,0.996186645763014,1000
2024-01-01 00:14:00,0.9979703277862235,0.9989682981140097,0.9969723574584373,1000
2024-01-01 00:15:00,0.9981273873986274,0.9991255147860258,0.9971292600112288,1000
2024-01-01 00:16:00,0.9970376385462262,0.9980346761847723,0.99604060090768,1000
2024-01-01 00:17:00,0.9975980330422999,0.9985956310753421,0.9966004350092575,1000
2024-01-01 00:18:00,0.9962852047561347,0.9972814899608907,0.9952889195513785,1000
2024-01-01 00:19:00,0.9967840527959843,0.9977808368487802,0.9957872687431882,1000
2024-01-01 00:20:00,0.9958128994514018,0.9968087123508531,0.9948170865519504,1000
2024-01-01 00:21:00,0.9947833155898725,0.9957780989054623,0.9937885322742827,1000
2024-01-01 00:22:00,0.9949576620205205,0.9959526196825409,0.9939627043585,1000
2024-01-01 00:23:00,0.9966717787292965,0.9976684505080257,0.9956751069505672,1000
2024-01-01 00:24:00,0.9963724352067069,0.9973688076419135,0.9953760627715003,1000
2024-01-01 00:25:00,0.9969054464435526,0.9979023518899961,0.995908540997109,1000
2024-01-01 00:26:00,0.9983517443373888,0.9993500960817261,0.9973533925930514,1000
2024-01-01 00:27:00,0.9999558279783728,1.000955783806351,0.9989558721503944,1000
2024-01-01 00:28:00,0.9999349031705891,1.0009348380737595,0.9989349682674185,1000
2024-01-01 00:29:00,0.9996657590784727,1.000665424837551,0.9986660933193942,1000
2024-01-01 00:30:00,0.9989231026219704,0.9999220257245922,0.9979241795193484,1000
2024-01-01 00:31:00,0.9998954112554423,1.0008953066666977,0.9988955158441869,1000
2024-01-01 00:32:00,1.0013285478094307,1.00232987635724,1.0003272192616213,1000
2024-01-01 00:33:00,1.0010644648429738,1.0020655293078167,1.0000634003781308,1000
2024-01-01 00:34:00,0.9976896012742953,0.9986872908755695,0.996691911673021,1000
2024-01-01 00:35:00,0.997638761463518,0.9986364002249815,0.9966411227020545,1000
2024-01-01 00:36:00,0.9974048414192014,0.9984022462606205,0.9964074365777822,1000
2024-01-01 00:37:00,0.9962982666969769,0.9972945649636737,0.9953019684302798,1000
2024-01-01 00:38:00,0.9959068737610539,0.9969027806348149,0.9949109668872929,1000
2024-01-01 00:39:00,0.9970907073884112,0.9980877980957995,0.9960936166810228,1000
2024-01-01 00:40:00,0.9993726997384943,1.0003720724382328,0.9983733270387558,1000
2024-01-01 00:41:00,1.0009502669806527,1.0019512172476333,0.999949316713672,1000
2024-01-01 00:42:00,1.0006159008929978,1.0016165167938906,0.9996152849921048,1000
2024-01-01 00:43:00,1.000807402779297,1.0018082101820762,0.9998065953765177,1000
2024-01-01 00:44:00,1.0003726941958273,1.001373066890023,0.9993723215016315,1000
2024-01-01 00:45:00,1.000469364852282,1.0014698342171342,0.9994688954874297,1000
2024-01-01 00:46:00,0.9999967531776082,1.0009967499307857,0.9989967564244305,1000
2024-01-01 00:47:00,1.0003019257649914,1.0013022276907564,0.9993016238392265,1000
2024-01-01 00:48:00,0.9985820634513815,0.9995806455148327,0.9975834813879301,1000
2024-01-01 00:49:00,0.997518765415888,0.9985162841813038,0.9965212466504721,1000
2024-01-01 00:50:00,0.9971123972448486,0.9981095096420933,0.9961152848476037,1000
2024-01-01 00:51:00,0.9977774753716115,0.9987752528469831,0.9967796978962399,1000
2024-01-01 00:52:00,0.9993862015335732,1.0003855877351067,0.9983868153320395,1000
2024-01-01 00:53:00,0.9985968969728374,0.9995954938698101,0.9975983000758646,1000
2024-01-01 00:54:00,0.9979505701957461,0.9989485207659416,0.9969526196255504,1000
2024-01-01 00:55:00,0.997491755737729,0.9984892474934666,0.9964942639819913,1000
2024-01-01 00:56:00,0.9981971544510333,0.9991953516054842,0.9971989572965823,1000
2024-01-01 00:57:00,0.9986627546594469,0.9996614174141062,0.9976640919047874,1000
2024-01-01 00:58:00,0.998883536092281,0.9998824196283731,0.9978846525561887,1000
2024-01-01 00:59:00,1.000222978741393,1.0012232017201343,0.9992227557626516,1000
2024-01-01 01:00:00,1.0012128956956459,1.0022141085913414,1.0002116827999503,1000
2024-01-01 01:01:00,1.0002602591715766,1.001260519430748,0.999259998912405,1000
2024-01-01 01:02:00,1.001005532899452,1.0020065384323513,1.0000045273665525,1000
2024-01-01 01:03:00,1.0001998390339373,1.0012000388729712,0.9991996391949033,1000
2024-01-01 01:04:00,1.0006926817327817,1.0016933744145144,0.999691989051049,1000
2024-01-01 01:05:00,1.0003385545670254,1.0013388931215923,0.9993382160124583,1000
2024-01-01 01:06:00,1.0005644544734358,1.001565018927909,0.9995638900189624,1000
2024-01-01 01:07:00,1.0011116443528951,1.0021127559972478,1.0001105327085422,1000
2024-01-01 01:08:00,1.0010188510509377,1.0020198699019884,1.0000178321998867,1000
2024-01-01 01:09:00,1.0013213273902564,1.0023226487176464,1.000320006062866,1000
2024-01-01 01:10:00,1.0001374339984492,1.0011375714324475,0.9991372965644508,1000
2024-01-01 01:11:00,1.0002437142420786,1.0012439579563206,0.9992434705278365,1000
2024-01-01 01:12:00,0.9999996388665569,1.0009996385054234,0.9989996392276903,1000
2024-01-01 01:13:00,0.9993567178797971,1.0003560745976767,0.9983573611619173,1000
2024-01-01 01:14:00,0.9991633738154801,1.0001625371892955,0.9981642104416647,1000
2024-01-01 01:15:00,0.9991987248134374,1.0001979235382508,0.998199526088624,1000
2024-01-01 01:16:00,0.9995019796569303,1.0005014816365871,0.9985024776772734,1000
2024-01-01 01:17:00,0.999330391775382,1.0003297221671572,0.9983310613836066,1000
2024-01-01 01:18:00,0.9999021095281708,1.000902011637699,0.9989022074186427,1000
2024-01-01 01:19:00,1.001485405210903,1.0024868906161137,1.000483919805692,1000
2024-01-01 01:20:00,1.0006201390295761,1.0016207591686057,0.9996195188905466,1000
2024-01-01 01:21:00,1.0022569438353688,1.003259200779204,1.0012546868915335,1000
2024-01-01 01:22:00,1.003123603864374,1.0041267274682384,1.0021204802605097,1000
2024-01-01 01:23:00,1.0051016664523194,1.0061067681187716,1.004096564785867,1000
2024-01-01 01:24:00,1.0048567090315799,1.0058615657406114,1.0038518523225484,1000
2024-01-01 01:25:00,1.0042970300922562,1.0053013271223483,1.003292733062164,1000
2024-01-01 01:26:00,1.006831082515548,1.0078379135980635,1.0058242514330324,1000
2024-01-01 01:27:00,1.0074729675742533,1.0084804405418275,1.0064654946066791,1000
2024-01-01 01:28:00,1.007494525706718,1.0085020202324246,1.0064870311810112,1000
2024-01-01 01:29:00,1.007146439252487,1.0081535856917394,1.0061392928132344,1000
2024-01-01 01:30:00,1.0068555010997144,1.007862356600814,1.0058486455986146,1000
2024-01-01 01:31:00,1.0070833944319464,1.0080904778263782,1.0060763110375144,1000
2024-01-01 01:32:00,1.0076880361907927,1.0086957242269834,1.0066803481546018,1000
2024-01-01 01:33:00,1.0067115426135662,1.0077182541561798,1.0057048310709527,1000
2024-01-01 01:34:00,1.006842571145465,1.0078494137166103,1.0058357285743196,1000
2024-01-01 01:35:00,1.0070777649445524,1.0080848427094968,1.006070687179608,1000
2024-01-01 01:36:00,1.009250901203592,1.0102601521047954,1.0082416503023883,1000
2024-01-01 01:37:00,1.0083754743468307,1.0093838498211773,1.0073670988724839,1000
2024-01-01 01:38:00,1.0090468307669214,1.0100558775976882,1.0080377839361545,1000
2024-01-01 01:39:00,1.0077472355465398,1.0087549827820863,1.0067394883109932,1000
2024-01-01 01:40:00,1.0084158733195834,1.0094242891929028,1.0074074574462637,1000
2024-01-01 01:41:00,1.0078531746448138,1.0088610278194585,1.006845321470169,1000
2024-01-01 01:42:00,1.008496133240506,1.0095046293737464,1.0074876371072654,1000
2024-01-01 01:43:00,1.0068597044480636,1.0078665641525115,1.0058528447436155,1000
2024-01-01 01:44:00,1.0063182939118196,1.0073246122057313,1.0053119756179079,1000
2024-01-01 01:45:00,1.0072099669573462,1.0082171769243033,1.0062027569903889,1000
2024-01-01 01:46:00,1.0066980643217676,1.0077047623860893,1.0056913662574458,1000
2024-01-01 01:47:00,1.0076829227341366,1.0086906056568707,1.0066752398114025,1000
2024-01-01 01:48:00,1.0076718667439055,1.0086795386106493,1.0066641948771615,1000
2024-01-01 01:49:00,1.0083700205936983,1.009378390614292,1.0073616505731047,1000
2024-01-01 01:50:00,1.0076112827107206,1.0086188939934313,1.00660367142801,1000
2024-01-01 01:51:00,1.0089630798488651,1.0099720429287138,1.0079541167690163,1000
2024-01-01 01:52:00,1.010883040226531,1.0118939232667574,1.0098721571863045,1000
2024-01-01 01:53:00,1.0120776426503082,1.0130897202929583,1.0110655650076579,1000
2024-01-01 01:54:00,1.0127309939261757,1.0137437249201018,1.0117182629322496,1000
2024-01-01 01:55:00,1.0115777867629474,1.0125893645497102,1.0105662089761844,1000
2024-01-01 01:56:00,1.0129380137980635,1.0139509518118615,1.0119250757842655,1000
2024-01-01 01:57:00,1.0134746601201883,1.0144881347803083,1.012461185460068,1000
2024-01-01 01:58:00,1.015123869163968,1.0161389930331317,1.0141087452948039,1000
2024-01-01 01:59:00,1.0165491524144463,1.0175657015668607,1.015532603262032,1000
2024-01-01 02:00:00,1.016995973462513,1.0180129694359754,1.0159789774890504,1000
2024-01-01 02:01:00,1.015504038821841,1.0165195428606628,1.0144885347830193,1000
2024-01-01 02:02:00,1.016398262374259,1.017414660636633,1.0153818641118846,1000
2024-01-01 02:03:00,1.017705482510324,1.0187231879928342,1.0166877770278138,1000
2024-01-01 02:04:00,1.0163059597674313,1.0173222657271987,1.015289653807664,1000
2024-01-01 02:05:00,1.0175859021024851,1.0186034880045876,1.0165683162003827,1000
2024-01-01 02:06:00,1.0169343448699615,1.0179512792148313,1.0159174105250914,1000
2024-01-01 02:07:00,1.01701463085389,1.0180316454847438,1.0159976162230362,1000
2024-01-01 02:08:00,1.0174852210269154,1.0185027062479421,1.0164677358058885,1000
2024-01-01 02:09:00,1.0162987149967948,1.0173150137117914,1.015282416281798,1000
2024-01-01 02:10:00,1.0152332139620406,1.0162484471760025,1.0142179807480785,1000
2024-01-01 02:11:00,1.0166326588385062,1.0176492914973445,1.0156160261796676,1000
2024-01-01 02:12:00,1.0173093568210307,1.0183266661778516,1.0162920474642096,1000
2024-01-01 02:13:00,1.017933663074029,1.018951596737103,1.016915729410955,1000
2024-01-01 02:14:00,1.016979922012343,1.0179969019343553,1.0159629420903307,1000
2024-01-01 02:15:00,1.0159226682617997,1.0169385909300614,1.0149067455935379,1000
2024-01-01 02:16:00,1.0142352102510332,1.0152494454612842,1.0132209750407821,1000
2024-01-01 02:17:00,1.0155961427374878,1.0166117388802252,1.0145805465947504,1000
2024-01-01 02:18:00,1.0157891339666714,1.016804923100638,1.0147733448327048,1000
2024-01-01 02:19:00,1.015903054318033,1.016918957372351,1.014887151263715,1000
2024-01-01 02:20:00,1.016700405662281,1.0177171060679433,1.0156837052566188,1000
2024-01-01 02:21:00,1.017103930570749,1.0181210345013196,1.0160868266401784,1000
2024-01-01 02:22:00,1.0158556753004633,1.0168715309757637,1.014839819625163,1000
2024-01-01 02:23:00,1.016373239727846,1.0173896129675737,1.015356866488118,1000
2024-01-01 02:24:00,1.0174738560804966,1.018491329936577,1.0164563822244161,1000
2024-01-01 02:25:00,1.0180206053327334,1.019038625938066,1.0170025847274007,1000
2024-01-01 02:26:00,1.0183622903106229,1.0193806526009335,1.0173439280203123,1000
2024-01-01 02:27:00,1.0184544077976974,1.019472862205495,1.0174359533898996,1000
2024-01-01 02:28:00,1.0195647517705246,1.020584316522295,1.018545187018754,1000
2024-01-01 02:29:00,1.0195942241189004,1.0206138183430191,1.0185746298947815,1000
2024-01-01 02:30:00,1.0189139601867023,1.019932874146889,1.0178950462265157,1000
2024-01-01 02:31:00,1.0179299570522322,1.0189478870092843,1.01691202709518,1000
2024-01-01 02:32:00,1.0216046784232362,1.0226262831016593,1.020583073744813,1000
2024-01-01 02:33:00,1.020807447589423,1.0218282550370124,1.0197866401418336,1000
2024-01-01 02:34:00,1.0210180513961589,1.022039069447555,1.0199970333447628,1000
2024-01-01 02:35:00,1.0218912344486366,1.0229131256830852,1.020869343214188,1000
2024-01-01 02:36:00,1.022584735225562,1.0236073199607874,1.0215621504903363,1000
2024-01-01 02:37:00,1.0215534069017005,1.022574960308602,1.0205318534947987,1000
2024-01-01 02:38:00,1.0205174293886508,1.0215379468180392,1.019496911959262,1000
2024-01-01 02:39:00,1.0201416906003076,1.0211618322909077,1.0191215489097072,1000
2024-01-01 02:40:00,1.0175607357570504,1.0185782964928074,1.0165431750212934,1000
2024-01-01 02:41:00,1.0166477756212169,1.017664423396838,1.0156311278455956,1000
2024-01-01 02:42:00,1.0176111078069376,1.0186287189147445,1.0165934966991308,1000
2024-01-01 02:43:00,1.0177394688895802,1.0187572083584697,1.0167217294206907,1000
2024-01-01 02:44:00,1.0191857166354945,1.0202049023521298,1.018166530918859,1000
2024-01-01 02:45:00,1.0168318196733648,1.017848651493038,1.0158149878536915,1000
2024-01-01 02:46:00,1.0177110844564974,1.0187287955409539,1.016693373372041,1000
2024-01-01 02:47:00,1.0185469468849233,1.0195654938318082,1.0175283999380385,1000
2024-01-01 02:48:00,1.0186306561295058,1.0196492867856353,1.0176120254733763,1000
2024-01-01 02:49:00,1.0187575574324195,1.0197763149898518,1.017738799874987,1000
2024-01-01 02:50:00,1.020152733367795,1.0211728861011629,1.0191325806344274,1000
2024-01-01 02:51:00,1.018867111646657,1.0198859787583034,1.0178482445350103,1000
2024-01-01 02:52:00,1.0191269372635487,1.0201460642008122,1.0181078103262853,1000
2024-01-01 02:53:00,1.0176758538240438,1.0186935296778676,1.0166581779702197,1000
2024-01-01 02:54:00,1.0166655904966306,1.0176822560871273,1.015648924906134,1000
2024-01-01 02:55:00,1.017293095183897,1.0183103882790807,1.016275802088713,1000
2024-01-01 02:56:00,1.019899874649285,1.0209197745239342,1.0188799747746358,1000
2024-01-01 02:57:00,1.0212292936285767,1.0222505229222052,1.0202080643349483,1000
2024-01-01 02:58:00,1.0216220158467801,1.022643637862627,1.0206003938309334,1000
2024-01-01 02:59:00,1.0216347436753337,1.0226563784190088,1.0206131089316584,1000
2024-01-01 03:00:00,1.0204616057237594,1.021482067329483,1.0194411441180358,1000
2024-01-01 03:01:00,1.0201044827962724,1.0211245872790686,1.0190843783134762,1000
2024-01-01 03:02:00,1.0198045881523263,1.0208243927404785,1.018784783564174,1000
2024-01-01 03:03:00,1.0211017536522085,1.0221228554058606,1.0200806518985563,1000
2024-01-01 03:04:00,1.0208637644591485,1.0218846282236076,1.0198429006946894,1000
2024-01-01 03:05:00,1.0222622032666075,1.023284465469874,1.021239941063341,1000
2024-01-01 03:06:00,1.0230525496398246,1.0240756021894644,1.0220294970901849,1000
2024-01-01 03:07:00,1.0234775615150682,1.0245010390765832,1.0224540839535532,1000
2024-01-01 03:08:00,1.0210705485263647,1.022091619074891,1.0200494779778384,1000
2024-01-01 03:09:00,1.021085032795271,1.0221061178280662,1.0200639477624758,1000
2024-01-01 03:10:00,1.0184331548520542,1.0194515880069062,1.0174147216972023,1000
2024-01-01 03:11:00,1.0192224277343334,1.0202416501620675,1.018203205306599,1000
2024-01-01 03:12:00,1.0185863015289705,1.0196048878304993,1.0175677152274414,1000
2024-01-01 03:13:00,1.0182653803232147,1.0192836457035377,1.0172471149428914,1000
2024-01-01 03:14:00,1.018950226242432,1.0199691764686742,1.0179312760161894,1000
2024-01-01 03:15:00,1.017845927826866,1.0188637737546926,1.016828081899039,1000
2024-01-01 03:16:00,1.0191600782831982,1.0201792383614814,1.018140918204915,1000
2024-01-01 03:17:00,1.0208275960346311,1.0218484236306657,1.0198067684385965,1000
2024-01-01 03:18:00,1.0194012753637622,1.020420676639126,1.0183818740883985,1000
2024-01-01 03:19:00,1.020152250446286,1.0211724026967324,1.0191320981958398,1000
2024-01-01 03:20:00,1.0207275705079348,1.0217482980784427,1.019706842937427,1000
2024-01-01 03:21:00,1.0185576282236024,1.019576185851826,1.0175390705953788,1000
2024-01-01 03:22:00,1.0195157097391143,1.0205352254488533,1.0184961940293753,1000
2024-01-01 03:23:00,1.0205991358988393,1.021619735034738,1.0195785367629404,1000
2024-01-01 03:24:00,1.0207275988352176,1.0217483264340528,1.0197068712363824,1000
2024-01-01 03:25:00,1.0196195084484225,1.0206391279568707,1.018599888939974,1000
2024-01-01 03:26:00,1.0199082940439812,1.020928202338025,1.0188883857499371,1000
2024-01-01 03:27:00,1.020351689938729,1.0213720416286676,1.0193313382487903,1000
2024-01-01 03:28:00,1.0204514463027121,1.0214718977490147,1.0194309948564093,1000
2024-01-01 03:29:00,1.0198022508082638,1.020822053059072,1.0187824485574555,1000
2024-01-01 03:30:00,1.019202708950313,1.0202219116592632,1.0181835062413627,1000
2024-01-01 03:31:00,1.0182940095691564,1.0193123035787255,1.0172757155595873,1000
2024-01-01 03:32:00,1.0189478292631156,1.0199667770923786,1.0179288814338525,1000
2024-01-01 03:33:00,1.0175046738445443,1.0185221785183889,1.0164871691706998,1000
2024-01-01 03:34:00,1.0169247695987047,1.0179416943683033,1.015907844829106,1000
2024-01-01 03:35:00,1.0166798929562648,1.0176965728492209,1.0156632130633085,1000
2024-01-01 03:36:00,1.0178330144676948,1.0188508474821625,1.0168151814532271,1000
2024-01-01 03:37:00,1.017478620821105,1.018496099441926,1.016461142200284,1000
2024-01-01 03:38:00,1.017154459387029,1.0181716138464159,1.0161373049276419,1000
2024-01-01 03:39:00,1.0168435826025979,1.0178604261852005,1.0158267390199953,1000
2024-01-01 03:40:00,1.015359134925414,1.0163744940603394,1.0143437757904887,1000
2024-01-01 03:41:00,1.0153476343058403,1.016362981940146,1.0143322866715345,1000
2024-01-01 03:42:00,1.0154216136081846,1.0164370352217926,1.0144061919945764,1000
2024-01-01 03:43:00,1.0139888825407288,1.0150028714232695,1.0129748936581882,1000
2024-01-01 03:44:00,1.0138185896231984,1.0148324082128215,1.0128047710335752,1000
2024-01-01 03:45:00,1.0149548535464021,1.0159698083999484,1.0139398986928558,1000
2024-01-01 03:46:00,1.0147335585657178,1.0157482921242833,1.013718825007152,1000
2024-01-01 03:47:00,1.0150881317460685,1.0161032198778144,1.0140730436143224,1000
2024-01-01 03:48:00,1.0145468584427686,1.0155614053012112,1.0135323115843258,1000
2024-01-01 03:49:00,1.0134892135845865,1.014502702798171,1.0124757243710019,1000
2024-01-01 03:50:00,1.0146961765567342,1.0157108727332909,1.0136814803801775,1000
2024-01-01 03:51:00,1.014241876697535,1.0152561185742324,1.0132276348208373,1000
2024-01-01 03:52:00,1.0166354434901081,1.017652078933598,1.015618808046618,1000
2024-01-01 03:53:00,1.0177927534296902,1.0188105461831198,1.0167749606762606,1000
2024-01-01 03:54:00,1.0185414408794284,1.0195599823203076,1.017522899438549,1000
2024-01-01 03:55:00,1.0196115438560576,1.0206311553999134,1.0185919323122015,1000
2024-01-01 03:56:00,1.0196728969812292,1.0206925698782103,1.018653224084248,1000
2024-01-01 03:57:00,1.0199692813756094,1.0209892506569849,1.0189493120942337,1000
2024-01-01 03:58:00,1.0187575385136727,1.0197762960521863,1.017738780975159,1000
2024-01-01 03:59:00,1.0188233630871864,1.0198421864502734,1.0178045397240991,1000
2024-01-01 04:00:00,1.0188707653629356,1.0198896361282985,1.0178518945975727,1000
2024-01-01 04:01:00,1.017365790463175,1.018383156253638,1.016348424672712,1000
2024-01-01 04:02:00,1.0171755683788366,1.0181927439472154,1.0161583928104578,1000
2024-01-01 04:03:00,1.0178022361552126,1.0188200383913677,1.0167844339190575,1000
2024-01-01 04:04:00,1.0176188352192699,1.018636454054489,1.0166012163840505,1000
2024-01-01 04:05:00,1.0158531735764327,1.016869026750009,1.0148373204028562,1000
2024-01-01 04:06:00,1.0167188840380545,1.0177356029220925,1.0157021651540166,1000
2024-01-01 04:07:00,1.0176857119466773,1.018703397658624,1.0166680262347307,1000
2024-01-01 04:08:00,1.0171087230152338,1.0181258317382489,1.0160916142922185,1000
2024-01-01 04:09:00,1.0169008703216207,1.0179177711919423,1.015883969451299,1000
2024-01-01 04:10:00,1.016920367230072,1.0179372875973018,1.0159034468628418,1000
2024-01-01 04:11:00,1.0163904990925627,1.0174068895916553,1.0153741085934702,1000
2024-01-01 04:12:00,1.0155684012498276,1.0165839696510772,1.0145528328485778,1000
2024-01-01 04:13:00,1.0150024830487328,1.0160174855317814,1.013987480565684,1000
2024-01-01 04:14:00,1.0143189255146525,1.015333244440167,1.0133046065891378,1000
2024-01-01 04:15:00,1.0141767707683307,1.015190947539099,1.0131625939975624,1000
2024-01-01 04:16:00,1.0123698166430954,1.0133821864597383,1.0113574468264523,1000
2024-01-01 04:17:00,1.0132444704772754,1.0142577149477525,1.012231226006798,1000
2024-01-01 04:18:00,1.0141368072471917,1.0151509440544388,1.0131226704399445,1000
2024-01-01 04:19:00,1.015567445158935,1.0165830126040938,1.014551877713776,1000
2024-01-01 04:20:00,1.016792534994106,1.0178093275291,1.0157757424591118,1000
2024-01-01 04:21:00,1.0176480737566913,1.0186657218304478,1.0166304256829346,1000
2024-01-01 04:22:00,1.0163253694609924,1.0173416948304532,1.0153090440915313,1000
2024-01-01 04:23:00,1.0162785471147429,1.0172948256618575,1.015262268567628,1000
2024-01-01 04:24:00,1.0165772451188466,1.0175938223639653,1.0155606678737277,1000
2024-01-01 04:25:00,1.0159213912203613,1.0169373126115815,1.0149054698291409,1000
2024-01-01 04:26:00,1.0164350901476504,1.017451525237798,1.0154186550575028,1000
2024-01-01 04:27:00,1.0169156853035086,1.017932600988812,1.0158987696182051,1000
2024-01-01 04:28:00,1.0183846099924476,1.0194029946024399,1.0173662253824551,1000
2024-01-01 04:29:00,1.0178921007023214,1.0189099928030236,1.0168742086016191,1000
2024-01-01 04:30:00,1.0176282107719774,1.0186458389827493,1.0166105825612055,1000
2024-01-01 04:31:00,1.0172839114333219,1.0183011953447552,1.0162666275218886,1000
2024-01-01 04:32:00,1.0162221171741357,1.0172383392913098,1.0152058950569616,1000
2024-01-01 04:33:00,1.0167752810418471,1.0177920563228888,1.0157585057608052,1000
2024-01-01 04:34:00,1.015219752744971,1.0162349724977158,1.014204532992226,1000
2024-01-01 04:35:00,1.016869242932601,1.0178861121755334,1.0158523736896683,1000
2024-01-01 04:36:00,1.0167160148530432,1.017732730867896,1.01569929883819,1000
2024-01-01 04:37:00,1.014917854683494,1.0159327725381775,1.0139029368288106,1000
2024-01-01 04:38:00,1.0135283438065885,1.014541872150395,1.0125148154627819,1000
2024-01-01 04:39:00,1.014487345822853,1.0155018331686756,1.01347285847703,1000
2024-01-01 04:40:00,1.0136317149187337,1.0146453466336522,1.012618083203815,1000
2024-01-01 04:41:00,1.0140117184540147,1.0150257301724686,1.0129977067355607,1000
2024-01-01 04:42:00,1.0133609054815755,1.014374266387057,1.0123475445760939,1000
2024-01-01 04:43:00,1.0132622697730875,1.0142755320428605,1.0122490075033144,1000
2024-01-01 04:44:00,1.013235957648799,1.0142491936064477,1.0122227216911501,1000
2024-01-01 04:45:00,1.015037430794172,1.016052468224966,1.0140223933633778,1000
2024-01-01 04:46:00,1.0163813739140384,1.0173977552879523,1.0153649925401242,1000
2024-01-01 04:47:00,1.0177384124310134,1.0187561508434442,1.0167206740185823,1000
2024-01-01 04:48:00,1.0185103422645412,1.0195288526068056,1.0174918319222765,1000
2024-01-01 04:49:00,1.0185306908186555,1.0195492215094741,1.017512160127837,1000
2024-01-01 04:50:00,1.0183079332258724,1.0193262411590982,1.0172896252926467,1000
2024-01-01 04:51:00,1.0164428012361673,1.0174592440374033,1.015426358434931,1000
2024-01-01 04:52:00,1.015446566402851,1.0164620129692536,1.014431119836448,1000
2024-01-01 04:53:00,1.0166356083296941,1.0176522439380238,1.0156189727213645,1000
2024-01-01 04:54:00,1.0180885207248846,1.0191066092456094,1.0170704322041597,1000
2024-01-01 04:55:00,1.019268441356631,1.0202877097979877,1.0182491729152745,1000
2024-01-01 04:56:00,1.0195656972123368,1.020585262909549,1.0185461315151245,1000
2024-01-01 04:57:00,1.019196532678921,1.0202157292115999,1.018177336146242,1000
2024-01-01 04:58:00,1.016802729283663,1.0178195320129466,1.0157859265543794,1000
2024-01-01 04:59:00,1.0169768631836633,1.017993840046847,1.0159598863204797,1000
2024-01-01 05:00:00,1.018151377032288,1.0191695284093203,1.0171332256552559,1000
2024-01-01 05:01:00,1.018633829793273,1.0196524636230662,1.0176151959634798,1000
2024-01-01 05:02:00,1.019957989952112,1.020977947942064,1.01893803196216,1000
2024-01-01 05:03:00,1.020396070971357,1.0214164670423282,1.0193756749003857,1000
2024-01-01 05:04:00,1.0209965646200847,1.0220175611847047,1.0199755680554645,1000
2024-01-01 05:05:00,1.019518892322167,1.020538411214489,1.0184993734298449,1000
2024-01-01 05:06:00,1.0188124033781134,1.0198312157814915,1.0177935909747353,1000
2024-01-01 05:07:00,1.0190501929073383,1.0200692431002456,1.018031142714431,1000
2024-01-01 05:08:00,1.0191038584091139,1.020122962267523,1.0180847545507048,1000
2024-01-01 05:09:00,1.018783264496305,1.0198020477608012,1.0177644812318087,1000
2024-01-01 05:10:00,1.0187246136781591,1.0197433382918373,1.017705889064481,1000
2024-01-01 05:11:00,1.018803878531528,1.0198226824100596,1.0177850746529966,1000
2024-01-01 05:12:00,1.016626360149976,1.017642986510126,1.0156097337898262,1000
2024-01-01 05:13:00,1.0161681555554292,1.0171843237109846,1.0151519873998738,1000
2024-01-01 05:14:00,1.016868984059944,1.0178858530440038,1.0158521150758841,1000
2024-01-01 05:15:00,1.0170833152741725,1.0181003985894466,1.0160662319588982,1000
2024-01-01 05:16:00,1.0173822449092094,1.0183996271541185,1.0163648626643003,1000
2024-01-01 05:17:00,1.0181437822848025,1.0191619260670872,1.0171256385025178,1000
2024-01-01 05:18:00,1.017333068481324,1.0183504015498053,1.0163157354128427,1000
2024-01-01 05:19:00,1.0159753340006719,1.0169913093346725,1.0149593586666712,1000
2024-01-01 05:20:00,1.0162160568893948,1.017232272946284,1.0151998408325054,1000
2024-01-01 05:21:00,1.0159692842624315,1.016985253546694,1.014953314978169,1000
2024-01-01 05:22:00,1.0139279607642955,1.0149418887250596,1.012914032803531,1000
2024-01-01 05:23:00,1.0137618344956458,1.0147755963301415,1.0127480726611502,1000
2024-01-01 05:24:00,1.0138195170267439,1.0148333365437705,1.012805697509717,1000
2024-01-01 05:25:00,1.0145151436900275,1.0155296588337175,1.0135006285463375,1000
2024-01-01 05:26:00,1.0145439648078274,1.015558508772635,1.0135294208430194,1000
2024-01-01 05:27:00,1.0138658217529797,1.0148796875747326,1.0128519559312268,1000
2024-01-01 05:28:00,1.0123515076133953,1.0133638591210086,1.0113391561057818,1000
2024-01-01 05:29:00,1.0128793935171991,1.0138922729107163,1.011866514123682,1000
2024-01-01 05:30:00,1.0128684433185624,1.0138813117618808,1.0118555748752438,1000
2024-01-01 05:31:00,1.0125388022577975,1.0135513410600552,1.0115262634555398,1000
2024-01-01 05:32:00,1.0139095078599856,1.0149234173678454,1.0128955983521255,1000
2024-01-01 05:33:00,1.0133325269021354,1.0143458594290373,1.0123191943752332,1000
2024-01-01 05:34:00,1.0133534551101595,1.0143668085652695,1.0123401016550493,1000
2024-01-01 05:35:00,1.0125437121846113,1.0135562558967957,1.0115311684724266,1000
2024-01-01 05:36:00,1.012262401822176,1.013274664223998,1.0112501394203537,1000
2024-01-01 05:37:00,1.0102268591916024,1.0112370860507938,1.0092166323324108,1000
2024-01-01 05:38:00,1.010484330436439,1.0114948147668754,1.0094738461060027,1000
2024-01-01 05:39:00,1.0105102446465697,1.0115207548912162,1.0094997344019232,1000
2024-01-01 05:40:00,1.0084616562982176,1.0094701179545158,1.0074531946419194,1000
2024-01-01 05:41:00,1.0080498131669822,1.009057862980149,1.0070417633538151,1000
2024-01-01 05:42:00,1.0091357754549815,1.0101449112304364,1.0081266396795265,1000
2024-01-01 05:43:00,1.0085303890225068,1.0095389194115292,1.0075218586334842,1000
2024-01-01 05:44:00,1.0088266622740014,1.0098354889362753,1.0078178356117273,1000
2024-01-01 05:45:00,1.0083604912071036,1.0093688516983106,1.0073521307158966,1000
2024-01-01 05:46:00,1.0082260515506238,1.0092342776021743,1.0072178254990731,1000
2024-01-01 05:47:00,1.008729588868794,1.0097383184576627,1.0077208592799252,1000
2024-01-01 05:48:00,1.007367886600928,1.0083752544875286,1.006360518714327,1000
2024-01-01 05:49:00,1.0077516917982074,1.0087594434900056,1.0067439401064093,1000
2024-01-01 05:50:00,1.0083430397947661,1.0093513828345608,1.0073346967549714,1000
2024-01-01 05:51:00,1.008667388614358,1.0096760560029723,1.0076587212257437,1000
2024-01-01 05:52:00,1.0086536391470284,1.0096622927861754,1.0076449855078815,1000
2024-01-01 05:53:00,1.0091275137587523,1.010136641272511,1.0081183862449936,1000
2024-01-01 05:54:00,1.0099257032260696,1.0109356289292954,1.0089157775228434,1000
2024-01-01 05:55:00,1.0080962007531944,1.0091042969539474,1.0070881045524411,1000
2024-01-01 05:56:00,1.0098763481744035,1.0108862245225778,1.008866471826229,1000
2024-01-01 05:57:00,1.008391594107696,1.0093999857018034,1.0073832025135883,1000
2024-01-01 05:58:00,1.0074504075457897,1.0084578579533354,1.006442957138244,1000
2024-01-01 05:59:00,1.0072421861944512,1.0082494283806456,1.0062349440082567,1000
2024-01-01 06:00:00,1.0072282149721343,1.0082354431871063,1.006220986757162,1000
2024-01-01 06:01:00,1.0066500114848669,1.0076566614963516,1.005643361473382,1000
2024-01-01 06:02:00,1.0063126745639352,1.007318987238499,1.0053063618893714,1000
2024-01-01 06:03:00,1.005016949299074,1.006021966248373,1.004011932349775,1000
2024-01-01 06:04:00,1.003389876098559,1.0043932659746573,1.0023864862224603,1000
2024-01-01 06:05:00,1.0041545951516206,1.0051587497467722,1.003150440556469,1000
2024-01-01 06:06:00,1.003814790440465,1.0048186052309054,1.0028109756500245,1000
2024-01-01 06:07:00,1.0064148166372553,1.0074212314538924,1.005408401820618,1000
2024-01-01 06:08:00,1.0049919423029081,1.0059969342452109,1.0039869503606051,1000
2024-01-01 06:09:00,1.0039078800689043,1.004911787948973,1.0029039721888353,1000
2024-01-01 06:10:00,1.0046980200658628,1.0057027180859286,1.003693322045797,1000
2024-01-01 06:11:00,1.0036178492076364,1.0046214670568439,1.0026142313584288,1000
2024-01-01 06:12:00,1.0040364589467314,1.005040495405678,1.0030324224877847,1000
2024-01-01 06:13:00,1.0038308214363856,1.0048346522578218,1.0028269906149492,1000
2024-01-01 06:14:00,1.0033152490967319,1.0043185643458286,1.0023119338476352,1000
2024-01-01 06:15:00,1.0034531419160113,1.0044565950579272,1.0024496887740952,1000
2024-01-01 06:16:00,1.0015955609334073,1.0025971564943406,1.0005939653724738,1000
2024-01-01 06:17:00,1.0007678331107543,1.0017686009438649,0.9997670652776436,1000
2024-01-01 06:18:00,1.00196204400003,1.00296400604403,1.00096008195603,1000
2024-01-01 06:19:00,1.001665365758067,1.0026670311238248,1.000663700392309,1000
2024-01-01 06:20:00,1.0011512751646623,1.002152426439827,1.0001501238894976,1000
2024-01-01 06:21:00,1.0012571189233899,1.0022583760423132,1.0002558618044666,1000
2024-01-01 06:22:00,1.0027353924929643,1.0037381278854571,1.0017326571004712,1000
2024-01-01 06:23:00,1.0028297840158376,1.0038326137998532,1.0018269542318217,1000
2024-01-01 06:24:00,1.004512349116131,1.005516861465247,1.003507836767015,1000
2024-01-01 06:25:00,1.0034758315736383,1.0044793074052119,1.0024723557420647,1000
2024-01-01 06:26:00,1.0040633644479935,1.0050674278124414,1.0030593010835456,1000
2024-01-01 06:27:00,1.005929636069319,1.0069355657053882,1.0049237064332497,1000
2024-01-01 06:28:00,1.0075874290062954,1.0085950164353015,1.006579841577289,1000
2024-01-01 06:29:00,1.0075812574001317,1.0085888386575317,1.0065736761427315,1000
2024-01-01 06:30:00,1.0089962558370824,1.0100052520929195,1.0079872595812454,1000
2024-01-01 06:31:00,1.0086631234055072,1.0096717865289127,1.0076544602821018,1000
2024-01-01 06:32:00,1.0087778168326251,1.0097865946494577,1.0077690390157925,1000
2024-01-01 06:33:00,1.0094513805459944,1.0104608319265402,1.0084419291654483,1000
2024-01-01 06:34:00,1.0099469059606876,1.0109568528666482,1.0089369590547268,1000
2024-01-01 06:35:00,1.0100593984115673,1.0110694578099788,1.0090493390131559,1000
2024-01-01 06:36:00,1.010285929014726,1.0112962149437406,1.0092756430857113,1000
2024-01-01 06:37:00,1.0107206081366724,1.0117313287448089,1.0097098875285357,1000
2024-01-01 06:38:00,1.013871054395908,1.0148849254503038,1.012857183341512,1000
2024-01-01 06:39:00,1.0128001242405977,1.0138129243648382,1.011787324116357,1000
2024-01-01 06:40:00,1.012761178484552,1.0137739396630365,1.0117484173060676,1000
2024-01-01 06:41:00,1.011986807163987,1.012998793971151,1.010974820356823,1000
2024-01-01 06:42:00,1.0130377374218407,1.0140507751592625,1.0120246996844189,1000
2024-01-01 06:43:00,1.013200797300753,1.0142139980980538,1.0121875965034524,1000
2024-01-01 06:44:00,1.0160293146933606,1.0170453440080538,1.015013285378667,1000
2024-01-01 06:45:00,1.0162093602187885,1.0172255695790071,1.0151931508585696,1000
2024-01-01 06:46:00,1.0159250567310565,1.0169409817877875,1.0149091316743255,1000
2024-01-01 06:47:00,1.0155413957406287,1.0165569371363692,1.014525854344888,1000
2024-01-01 06:48:00,1.0140422061279706,1.0150562483340984,1.0130281639218426,1000
2024-01-01 06:49:00,1.0153731493957503,1.016388522545146,1.0143577762463545,1000
2024-01-01 06:50:00,1.015810401037023,1.01682621143806,1.014794590635986,1000
2024-01-01 06:51:00,1.0149851424328626,1.0160001275752955,1.0139701572904298,1000
2024-01-01 06:52:00,1.0138213147786834,1.014835136093462,1.0128074934639046,1000
2024-01-01 06:53:00,1.013234543563876,1.01424777810744,1.0122213090203123,1000
2024-01-01 06:54:00,1.0147667378931384,1.0157815046310315,1.0137519711552452,1000
2024-01-01 06:55:00,1.013209032527557,1.0142222415600843,1.0121958234950292,1000
2024-01-01 06:56:00,1.0132269063429358,1.0142401332492785,1.0122136794365928,1000
2024-01-01 06:57:00,1.013195112043016,1.014208307155059,1.012181916930973,1000
2024-01-01 06:58:00,1.0130084746730459,1.0140214831477188,1.0119954661983728,1000
2024-01-01 06:59:00,1.0133343957478085,1.0143477301435562,1.0123210613520606,1000
2024-01-01 07:00:00,1.0120213552001318,1.0130333765553319,1.0110093338449317,1000
2024-01-01 07:01:00,1.013170101915584,1.0141832720174995,1.0121569318136685,1000
2024-01-01 07:02:00,1.0112599803309088,1.0122712403112395,1.010248720350578,1000
2024-01-01 07:03:00,1.011507764291169,1.01251927205546,1.0104962565268778,1000
2024-01-01 07:04:00,1.0118774292314199,1.0128893066606512,1.0108655518021885,1000
2024-01-01 07:05:00,1.0127061940909983,1.0137189002850893,1.0116934878969073,1000
2024-01-01 07:06:00,1.0122600993680466,1.0132723594674145,1.0112478392686786,1000
2024-01-01 07:07:00,1.01143533218225,1.0124467675144322,1.0104238968500678,1000
2024-01-01 07:08:00,1.0093210817709486,1.0103304028527194,1.0083117606891776,1000
2024-01-01 07:09:00,1.0109941884584273,1.0120051826468857,1.0099831942699689,1000
2024-01-01 07:10:00,1.0098345227419334,1.0108443572646753,1.0088246882191916,1000
2024-01-01 07:11:00,1.0099136367220967,1.0109235503588188,1.0089037230853746,1000
2024-01-01 07:12:00,1.0082824126014003,1.0092906950140015,1.0072741301887989,1000
2024-01-01 07:13:00,1.0069245282461299,1.007931452774376,1.0059176037178839,1000
2024-01-01 07:14:00,1.0076923920798648,1.0087000844719445,1.006684699687785,1000
2024-01-01 07:15:00,1.0071149844464584,1.0081220994309048,1.006107869462012,1000
2024-01-01 07:16:00,1.0058108352550927,1.0068166460903478,1.0048050244198377,1000
2024-01-01 07:17:00,1.0048187703304112,1.0058235891007414,1.0038139515600808,1000
2024-01-01 07:18:00,1.0039611690017558,1.0049651301707574,1.002957207832754,1000
2024-01-01 07:19:00,1.0025585758452251,1.0035611344210702,1.0015560172693798,1000
2024-01-01 07:20:00,1.0039338428894966,1.004937776732386,1.002929909046607,1000
2024-01-01 07:21:00,1.002404072266842,1.0034064763391086,1.001401668194575,1000
2024-01-01 07:22:00,1.0026451187370913,1.0036477638558283,1.0016424736183542,1000
2024-01-01 07:23:00,1.0015989622114274,1.0026005611736388,1.000597363249216,1000
2024-01-01 07:24:00,1.0016636836352257,1.002665347318861,1.0006620199515905,1000
2024-01-01 07:25:00,1.0000151348967399,1.0010151500316364,0.9990151197618431,1000
2024-01-01 07:26:00,1.0008827558639763,1.0018836386198402,0.9998818731081124,1000
2024-01-01 07:27:00,0.9999481176801899,1.00094806579787,0.9989481695625096,1000
2024-01-01 07:28:00,1.0003142986604727,1.001314612959133,0.9993139843618123,1000
2024-01-01 07:29:00,1.0008916311048812,1.001892522735986,0.9998907394737764,1000
2024-01-01 07:30:00,1.0013208568029417,1.0023221776597446,1.0003195359461388,1000
2024-01-01 07:31:00,0.999161292098074,1.000160453390172,0.9981621308059759,1000
2024-01-01 07:32:00,0.9977389420730975,0.9987366810151705,0.9967412031310244,1000
2024-01-01 07:33:00,0.9980551853993148,0.999053240584714,0.9970571302139155,1000
2024-01-01 07:34:00,0.9968972306429039,0.9978941278735467,0.995900333412261,1000
2024-01-01 07:35:00,0.998418429100312,0.9994168475294122,0.9974200106712117,1000
2024-01-01 07:36:00,0.9978507633046598,0.9988486140679643,0.9968529125413552,1000
2024-01-01 07:37:00,0.9977163547573824,0.9987140711121397,0.996718638402625,1000
2024-01-01 07:38:00,0.9974552053695038,0.9984526605748733,0.9964577501641343,1000
2024-01-01 07:39:00,0.9986915136770015,0.9996902051906784,0.9976928221633244,1000
2024-01-01 07:40:00,0.9986476863066998,0.9996463339930064,0.997649038620393,1000
2024-01-01 07:41:00,0.9982363003024047,0.999234536602707,0.9972380640021024,1000
2024-01-01 07:42:00,0.997228986530739,0.9982262155172696,0.9962317575442082,1000
2024-01-01 07:43:00,0.9968981753549199,0.9978950735302747,0.995901277179565,1000
2024-01-01 07:44:00,0.9968537134824076,0.9978505671958899,0.9958568597689251,1000
2024-01-01 07:45:00,0.9972899103315913,0.9982872002419227,0.9962926204212598,1000
2024-01-01 07:46:00,0.996384303984147,0.9973806882881311,0.9953879196801628,1000
2024-01-01 07:47:00,0.9966220180259387,0.9976186400439646,0.9956253960079128,1000
2024-01-01 07:48:00,0.9971782965123501,0.9981754748088624,0.9961811182158378,1000
2024-01-01 07:49:00,0.9973208009657484,0.998318121766714,0.9963234801647827,1000
2024-01-01 07:50:00,0.997719431286926,0.9987171507182128,0.9967217118556391,1000
2024-01-01 07:51:00,0.9985203966179375,0.9995189170145553,0.9975218762213195,1000
2024-01-01 07:52:00,0.9971412688542226,0.9981384101230767,0.9961441275853684,1000
2024-01-01 07:53:00,0.9970147285496535,0.998011743278203,0.9960177138211038,1000
2024-01-01 07:54:00,0.9970300958521481,0.9980271259480001,0.9960330657562959,1000
2024-01-01 07:55:00,0.9964117979869935,0.9974082097849805,0.9954153861890065,1000
2024-01-01 07:56:00,0.9959897570390673,0.9969857467961063,0.9949937672820283,1000
2024-01-01 07:57:00,0.9979553960234308,0.9989533514194541,0.9969574406274073,1000
2024-01-01 07:58:00,0.998553949630086,0.999552503579716,0.9975553956804559,1000
2024-01-01 07:59:00,0.9992849962651797,1.0002842812614448,0.9982857112689145,1000
2024-01-01 08:00:00,0.9985226342582856,0.9995211568925437,0.9975241116240273,1000
2024-01-01 08:01:00,0.9976468632712558,0.998644510134527,0.9966492164079845,1000
2024-01-01 08:02:00,0.997234951955115,0.99823218690707,0.9962377170031599,1000
2024-01-01 08:03:00,0.9968781692257325,0.9978750473949581,0.9958812910565067,1000
2024-01-01 08:04:00,0.9959047044910109,0.9969006091955017,0.9949087997865199,1000
2024-01-01 08:05:00,0.9953151453787926,0.9963104605241713,0.9943198302334139,1000
2024-01-01 08:06:00,0.9962333583649591,0.9972295917233239,0.9952371250065941,1000
2024-01-01 08:07:00,0.9956717563506075,0.996667428106958,0.9946760845942568,1000
2024-01-01 08:08:00,0.9975465147592689,0.9985440612740281,0.9965489682445097,1000
2024-01-01 08:09:00,0.9954427650610242,0.9964382078260852,0.9944473222959632,1000
2024-01-01 08:10:00,0.9959627048841992,0.9969586675890834,0.994966742179315,1000
2024-01-01 08:11:00,0.9969698562794193,0.9979668261356985,0.9959728864231399,1000
2024-01-01 08:12:00,0.9972034729043255,0.9982006763772298,0.9962062694314212,1000
2024-01-01 08:13:00,0.9970512864566488,0.9980483377431053,0.9960542351701921,1000
2024-01-01 08:14:00,0.9973266878202209,0.9983240145080411,0.9963293611324007,1000
2024-01-01 08:15:00,0.9960680113563304,0.9970640793676866,0.9950719433449741,1000
2024-01-01 08:16:00,0.9951920617734988,0.9961872538352722,0.9941968697117254,1000
2024-01-01 08:17:00,0.9950891277347556,0.9960842168624902,0.9940940386070208,1000
2024-01-01 08:18:00,0.9941373853116017,0.9951315226969132,0.99314324792629,1000
2024-01-01 08:19:00,0.9957615268184907,0.9967572883453091,0.9947657652916723,1000
2024-01-01 08:20:00,0.9962985605494785,0.9972948591100279,0.995302261988929,1000
2024-01-01 08:21:00,0.997116248428014,0.998113364676442,0.996119132179586,1000
2024-01-01 08:22:00,0.9979865888559234,0.9989845754447793,0.9969886022670674,1000
2024-01-01 08:23:00,0.9978415059781872,0.9988393474841653,0.9968436644722091,1000
2024-01-01 08:24:00,0.9987411060560354,0.9997398471620913,0.9977423649499794,1000
2024-01-01 08:25:00,0.9979900442630608,0.9989880343073237,0.9969920542187978,1000
2024-01-01 08:26:00,0.9956089384736473,0.9966045474121208,0.9946133295351737,1000
2024-01-01 08:27:00,0.9952032711877141,0.9961984744589018,0.9942080679165264,1000
2024-01-01 08:28:00,0.9956674970709344,0.9966631645680052,0.9946718295738635,1000
2024-01-01 08:29:00,0.9955017050279817,0.9964972067330096,0.9945062033229538,1000
2024-01-01 08:30:00,0.9949634873001856,0.9959584507874857,0.9939685238128854,1000
2024-01-01 08:31:00,0.9960926160274511,0.9970887086434784,0.9950965234114237,1000
2024-01-01 08:32:00,0.9978537851561962,0.9988516389413522,0.99685593137104,1000
2024-01-01 08:33:00,0.9973392720624683,0.9983366113345307,0.9963419327904058,1000
2024-01-01 08:34:00,0.9969094869284643,0.9979063964153926,0.9959125774415358,1000
2024-01-01 08:35:00,0.9965421378972782,0.9975386800351753,0.995545595759381,1000
2024-01-01 08:36:00,0.994251584610914,0.9952458361955248,0.9932573330263031,1000
2024-01-01 08:37:00,0.9936567532000017,0.9946504099532015,0.9926630964468017,1000
2024-01-01 08:38:00,0.9948479232707115,0.9958427711939821,0.9938530753474407,1000
2024-01-01 08:39:00,0.9952248007091237,0.9962200255098327,0.9942295759084145,1000
2024-01-01 08:40:00,0.9951889637023373,0.9961841526660395,0.994193774738635,1000
2024-01-01 08:41:00,0.9957681320649255,0.9967639001969903,0.9947723639328606,1000
2024-01-01 08:42:00,0.9967385109878643,0.9977352494988521,0.9957417724768763,1000
2024-01-01 08:43:00,0.9953242534667306,0.9963195777201972,0.9943289292132639,1000
2024-01-01 08:44:00,0.9958537150209823,0.9968495687360032,0.9948578613059613,1000
2024-01-01 08:45:00,0.9961857017276546,0.9971818874293822,0.995189516025927,1000
2024-01-01 08:46:00,0.9961241945531475,0.9971203187477006,0.9951280703585943,1000
2024-01-01 08:47:00,0.9958572265744574,0.9968530838010318,0.9948613693478829,1000
2024-01-01 08:48:00,0.9960018227572998,0.9969978245800569,0.9950058209345425,1000
2024-01-01 08:49:00,0.9968502830467187,0.9978471333297654,0.995853432763672,1000
2024-01-01 08:50:00,0.9976788851604499,0.9986765640456102,0.9966812062752894,1000
2024-01-01 08:51:00,0.9984114438383226,0.9994098552821608,0.9974130323944843,1000
2024-01-01 08:52:00,0.9991684335047184,1.000167601938223,0.9981692650712137,1000
2024-01-01 08:53:00,1.0003145406882132,1.0013148552289013,0.9993142261475251,1000
2024-01-01 08:54:00,1.0004269120397182,1.0014273389517578,0.9994264851276785,1000
2024-01-01 08:55:00,1.001095247935919,1.0020963431838548,1.000094152687983,1000
2024-01-01 08:56:00,1.0013494354026713,1.002350784838074,1.0003480859672687,1000
2024-01-01 08:57:00,1.0004754558545328,1.0014759313103871,0.9994749803986782,1000
2024-01-01 08:58:00,1.0001264029121304,1.0011265293150424,0.9991262765092183,1000
2024-01-01 08:59:00,0.9987301804664457,0.999728910646912,0.9977314502859792,1000
2024-01-01 09:00:00,0.9994884422856782,1.0004879307279637,0.9984889538433925,1000
2024-01-01 09:01:00,1.0005504975257715,1.0015510480232972,0.9995499470282457,1000
2024-01-01 09:02:00,1.0014161928929637,1.0024176090858565,1.0004147767000706,1000
2024-01-01 09:03:00,1.0019984794488994,1.0030004779283481,1.0009964809694505,1000
2024-01-01 09:04:00,1.0037757644099383,1.0047795401743482,1.0027719886455284,1000
2024-01-01 09:05:00,1.0027499076283868,1.0037526575360152,1.0017471577207584,1000
2024-01-01 09:06:00,1.003089730784877,1.0040928205156616,1.002086641054092,1000
2024-01-01 09:07:00,1.0016534539359183,1.0026551073898542,1.0006518004819824,1000
2024-01-01 09:08:00,1.0024412581340871,1.0034436993922211,1.0014388168759532,1000
2024-01-01 09:09:00,1.0015874081297036,1.002588995537833,1.0005858207215739,1000
2024-01-01 09:10:00,1.001942505033723,1.0029444475387566,1.0009405625286891,1000
2024-01-01 09:11:00,1.000616577912983,1.0016171944908958,0.99961596133507,1000
2024-01-01 09:12:00,0.9981701033159325,0.9991682734192483,0.9971719332126165,1000
2024-01-01 09:13:00,0.9968310374344552,0.9978278684718895,0.9958342063970208,1000
2024-01-01 09:14:00,0.9965412509690077,0.9975377922199766,0.9955447097180387,1000
2024-01-01 09:15:00,0.9969383625900929,0.9979353009526829,0.9959414242275029,1000
2024-01-01 09:16:00,0.9974551897916146,0.9984526449814062,0.996457734601823,1000
2024-01-01 09:17:00,0.9966703585616122,0.9976670289201738,0.9956736882030506,1000
2024-01-01 09:18:00,0.9975172367620996,0.9985147539988616,0.9965197195253375,1000
2024-01-01 09:19:00,0.9981684160713822,0.9991665844874534,0.9971702476553108,1000
2024-01-01 09:20:00,0.9961033357305255,0.9970994390662559,0.9951072323947949,1000
2024-01-01 09:21:00,0.9960833599892005,0.9970794433491896,0.9950872766292113,1000
2024-01-01 09:22:00,0.9974767410265704,0.9984742177675968,0.9964792642855438,1000
2024-01-01 09:23:00,0.9977792183976878,0.9987769976160854,0.9967814391792901,1000
2024-01-01 09:24:00,0.9983366662099868,0.9993350028761967,0.9973383295437769,1000
2024-01-01 09:25:00,0.9988583515415271,0.9998572098930686,0.9978594931899856,1000
2024-01-01 09:26:00,0.9995696494416583,1.0005692190910997,0.9985700797922166,1000
2024-01-01 09:27:00,0.9991071912306629,1.0001062984218936,0.9981080840394323,1000
2024-01-01 09:28:00,0.9989997095056973,0.9999987092152028,0.9980007097961916,1000
2024-01-01 09:29:00,1.0001856062239105,1.0011857918301343,0.9991854206176866,1000
2024-01-01 09:30:00,0.9999777709687652,1.0009777487397338,0.9989777931977964,1000
2024-01-01 09:31:00,1.0010314354718046,1.0020324669072762,1.0000304040363328,1000
2024-01-01 09:32:00,1.0011378216514377,1.002138959473089,1.0001366838297863,1000
2024-01-01 09:33:00,1.0018649784661287,1.0028668434445946,1.0008631134876624,1000
2024-01-01 09:34:00,1.0046654647329265,1.0056701301976594,1.0036607992681936,1000
2024-01-01 09:35:00,1.0040326678886895,1.0050367005565781,1.0030286352208009,1000
2024-01-01 09:36:00,1.0038506160493605,1.0048544666654098,1.002846765433311,1000
2024-01-01 09:37:00,1.003900617209068,1.004904517826277,1.002896716591859,1000
2024-01-01 09:38:00,1.0048580358400652,1.005862893875905,1.003853177804225,1000
2024-01-01 09:39:00,1.0045867768625234,1.0055913636393858,1.003582190085661,1000
2024-01-01 09:40:00,1.004539902502088,1.00554444240459,1.003535362599586,1000
2024-01-01 09:41:00,1.004197241384755,1.0052014386261396,1.0031930441433703,1000
2024-01-01 09:42:00,1.0029950935061787,1.0039980885996846,1.0019920984126724,1000
2024-01-01 09:43:00,1.0031033817003268,1.004106485082027,1.0021002783186264,1000
2024-01-01 09:44:00,1.002230539393644,1.0032327699330374,1.0012283088542502,1000
2024-01-01 09:45:00,1.0015909847063709,1.0025925756910772,1.0005893937216646,1000
2024-01-01 09:46:00,1.0022216413168523,1.0032238629581691,1.0012194196755355,1000
2024-01-01 09:47:00,1.001621559280649,1.0026231808399295,1.0006199377213683,1000
2024-01-01 09:48:00,1.0020496947380457,1.0030517444327836,1.0010476450433077,1000
2024-01-01 09:49:00,1.0017909972128092,1.0027927882100218,1.0007892062155963,1000
2024-01-01 09:50:00,1.0028555641123573,1.0038584196764695,1.001852708548245,1000
2024-01-01 09:51:00,1.0033509112948669,1.0043542622061616,1.002347560383572,1000
2024-01-01 09:52:00,1.0015180354991564,1.0025195535346554,1.0005165174636572,1000
2024-01-01 09:53:00,1.0016441167524315,1.0026457608691839,1.000642472635679,1000
2024-01-01 09:54:00,1.0005217293899007,1.0015222511192905,0.9995212076605108,1000
2024-01-01 09:55:00,1.0007912479978618,1.0017920392458595,0.9997904567498639,1000
2024-01-01 09:56:00,1.002658860575666,1.0036615194362417,1.0016562017150905,1000
2024-01-01 09:57:00,1.0035264954252665,1.0045300219206916,1.0025229689298412,1000
2024-01-01 09:58:00,1.0042000500426551,1.0052042500926976,1.0031958499926124,1000
2024-01-01 09:59:00,1.0046520413763445,1.0056566934177207,1.003647389334968,1000
2024-01-01 10:00:00,1.0050196408681564,1.0060246605090244,1.0040146212272882,1000
2024-01-01 10:01:00,1.005190888982949,1.0061960798719318,1.004185698093966,1000
2024-01-01 10:02:00,1.0052019623755413,1.0062071643379167,1.0041967604131656,1000
2024-01-01 10:03:00,1.0057020640937493,1.006707766157843,1.0046963620296556,1000
2024-01-01 10:04:00,1.006202244476366,1.0072084467208424,1.0051960422318897,1000
2024-01-01 10:05:00,1.0077746015804694,1.0087823761820498,1.006766826978889,1000
2024-01-01 10:06:00,1.0058325668654633,1.0068383994323287,1.004826734298598,1000
2024-01-01 10:07:00,1.0045147841054358,1.0055192988895412,1.0035102693213305,1000
2024-01-01 10:08:00,1.0051911313414046,1.006196322472746,1.0041859402100632,1000
2024-01-01 10:09:00,1.0047042168888602,1.005708921105749,1.0036995126719714,1000
2024-01-01 10:10:00,1.0050348717245565,1.006039906596281,1.004029836852832,1000
2024-01-01 10:11:00,1.0060647477221463,1.0070708124698684,1.0050586829744241,1000
2024-01-01 10:12:00,1.004904457532579,1.0059093619901114,1.0038995530750463,1000
2024-01-01 10:13:00,1.0040937348208483,1.005097828555669,1.0030896410860275,1000
2024-01-01 10:14:00,1.005447548585572,1.0064529961341575,1.0044421010369864,1000
2024-01-01 10:15:00,1.0051569215948402,1.006162078516435,1.0041517646732454,1000
2024-01-01 10:16:00,1.004664837039849,1.0056695018768886,1.0036601722028091,1000
2024-01-01 10:17:00,1.0042770992031465,1.0052813763023496,1.0032728221039433,1000
2024-01-01 10:18:00,1.004119978421059,1.00512409839948,1.003115858442638,1000
2024-01-01 10:19:00,1.0039681614374238,1.0049721295988612,1.0029641932759865,1000
2024-01-01 10:20:00,1.0037990133793182,1.0048028123926973,1.0027952143659389,1000
2024-01-01 10:21:00,1.0027238953323494,1.0037266192276817,1.001721171437017,1000
2024-01-01 10:22:00,1.0027461594614546,1.003748905620916,1.0017434133019931,1000
2024-01-01 10:23:00,1.0014074566724114,1.0024088641290836,1.000406049215739,1000
2024-01-01 10:24:00,1.0000304295450078,1.0010304599745528,0.9990303991154628,1000
2024-01-01 10:25:00,1.0007228743086665,1.001723597182975,0.9997221514343578,1000
2024-01-01 10:26:00,1.0009814457049793,1.001982427150684,0.9999804642592743,1000
2024-01-01 10:27:00,1.0004002808239265,1.0014006811047502,0.9993998805431026,1000
2024-01-01 10:28:00,1.0017115964729002,1.002713308069373,1.0007098848764273,1000
2024-01-01 10:29:00,1.002238944303926,1.0032411832482298,1.001236705359622,1000
2024-01-01 10:30:00,1.001516083225949,1.0025175993091748,1.0005145671427231,1000
2024-01-01 10:31:00,1.0024515608759816,1.0034540124368576,1.0014491093151057,1000
2024-01-01 10:32:00,1.0020766708252922,1.0030787474961174,1.001074594154467,1000
2024-01-01 10:33:00,1.0005227045806104,1.0015232272851908,0.9995221818760298,1000
2024-01-01 10:34:00,1.0013998212500843,1.0024012210713342,1.0003984214288342,1000
2024-01-01 10:35:00,1.000791839170819,1.0017926310099898,0.9997910473316483,1000
2024-01-01 10:36:00,1.000452173677048,1.0014526258507248,0.9994517215033709,1000
2024-01-01 10:37:00,0.9990693802264293,1.0000684496066556,0.9980703108462029,1000
2024-01-01 10:38:00,0.9995392574314869,1.0005387966889183,0.9985397181740554,1000
2024-01-01 10:39:00,1.0006431950387331,1.0016438382337718,0.9996425518436943,1000
2024-01-01 10:40:00,1.0008234288393882,1.0018242522682275,0.9998226054105489,1000
2024-01-01 10:41:00,1.002871348886265,1.0038742202351512,1.0018684775373787,1000
2024-01-01 10:42:00,1.001998103938329,1.0030001020422672,1.0009961058343906,1000
2024-01-01 10:43:00,1.0027882290210781,1.003791017250099,1.001785440792057,1000
2024-01-01 10:44:00,1.002011306716045,1.003013318022761,1.001009295409329,1000
2024-01-01 10:45:00,1.0005493309707107,1.0015498803016814,0.99954878163974,1000
2024-01-01 10:46:00,0.9999012993226547,1.0009012006219773,0.998901398023332,1000
2024-01-01 10:47:00,1.0003467612699786,1.0013471080312484,0.9993464145087085,1000
2024-01-01 10:48:00,1.0007172671576865,1.001717984424844,0.9997165498905288,1000
2024-01-01 10:49:00,0.9993563235145855,1.0003556798381,0.9983569671910709,1000
2024-01-01 10:50:00,0.9996254421641374,1.0006250676063013,0.9986258167219733,1000
2024-01-01 10:51:00,0.9989422389869963,0.9999411812259832,0.9979432967480093,1000
2024-01-01 10:52:00,0.9991791738027035,1.000178352976506,0.9981799946289008,1000
2024-01-01 10:53:00,0.9970306185151392,0.9980276491336543,0.996033587896624,1000
2024-01-01 10:54:00,0.99806807418681,0.9990661422609967,0.9970700061126232,1000
2024-01-01 10:55:00,0.9997547001532583,1.0007544548534115,0.9987549454531051,1000
2024-01-01 10:56:00,0.9983155175320299,0.9993138330495618,0.9973172020144978,1000
2024-01-01 10:57:00,0.9985837651430192,0.9995823489081621,0.9975851813778761,1000
2024-01-01 10:58:00,0.9981736718341555,0.9991718455059896,0.9971754981623213,1000
2024-01-01 10:59:00,0.9982037285522896,0.9992019322808418,0.9972055248237373,1000
2024-01-01 11:00:00,0.998524564369986,0.9995230889343559,0.997526039805616,1000
2024-01-01 11:01:00,0.9987407936367103,0.9997395344303469,0.9977420528430736,1000
2024-01-01 11:02:00,0.9991699572628078,1.0001691272200706,0.998170787305545,1000
2024-01-01 11:03:00,0.9999731583884532,1.0009731315468415,0.9989731852300648,1000
2024-01-01 11:04:00,1.0005027346115247,1.001503237346136,0.9995022318769132,1000
2024-01-01 11:05:00,1.0001808542956838,1.0011810351499795,0.9991806734413882,1000
2024-01-01 11:06:00,0.9980693160097001,0.9990673853257096,0.9970712466936904,1000
2024-01-01 11:07:00,0.997969035875638,0.9989670049115136,0.9969710668397623,1000
2024-01-01 11:08:00,0.9984726317249938,0.9994711043567187,0.9974741590932688,1000
2024-01-01 11:09:00,1.0004567454430535,1.0014572021884964,0.9994562886976105,1000
2024-01-01 11:10:00,0.998264591340267,0.9992628559316071,0.9972663267489268,1000
2024-01-01 11:11:00,0.9993944189417083,1.00039381336065,0.9983950245227666,1000
2024-01-01 11:12:00,0.9984436356325473,0.9994420792681797,0.9974451919969148,1000
2024-01-01 11:13:00,0.9978517440039182,0.998849595747922,0.9968538922599143,1000
2024-01-01 11:14:00,0.999007921730426,1.0000069296521563,0.9980089138086955,1000
2024-01-01 11:15:00,0.9982153877323768,0.9992136031201091,0.9972171723446445,1000
2024-01-01 11:16:00,0.9967541991157978,0.9977509533149135,0.9957574449166819,1000
2024-01-01 11:17:00,0.99609873354791,0.9970948322814578,0.9951026348143621,1000
2024-01-01 11:18:00,0.9974924065195594,0.9984898989260789,0.9964949141130398,1000
2024-01-01 11:19:00,0.9964488887379199,0.9974453376266578,0.995452439849182,1000
2024-01-01 11:20:00,0.9985922840703004,0.9995908763543706,0.9975936917862301,1000
2024-01-01 11:21:00,0.9988268380340765,0.9998256648721104,0.9978280111960424,1000
2024-01-01 11:22:00,0.9990163693377956,1.0000153857071332,0.9980173529684578,1000
2024-01-01 11:23:00,0.9986895945048625,0.9996882840993673,0.9976909049103576,1000
2024-01-01 11:24:00,1.000306266931553,1.0013065731984845,0.9993059606646214,1000
2024-01-01 11:25:00,0.999961890631975,1.000961852522607,0.998961928741343,1000
2024-01-01 11:26:00,0.9994225140260321,1.000421936540058,0.998423091512006,1000
2024-01-01 11:27:00,0.9996805259657734,1.000680206491739,0.9986808454398076,1000
2024-01-01 11:28:00,0.9979146709120283,0.9989125855829403,0.9969167562411163,1000
2024-01-01 11:29:00,0.997215566917871,0.9982127824847888,0.9962183513509532,1000
2024-01-01 11:30:00,0.9953687014511977,0.9963640701526488,0.9943733327497465,1000
2024-01-01 11:31:00,0.9955605675488501,0.9965561281163989,0.9945650069813012,1000
2024-01-01 11:32:00,0.9952184003498055,0.9962136187501551,0.9942231819494557,1000
2024-01-01 11:33:00,0.9962497322527871,0.9972459819850398,0.9952534825205344,1000
2024-01-01 11:34:00,0.9967600768826158,0.9977568369594983,0.9957633168057332,1000
2024-01-01 11:35:00,0.9976280439007632,0.9986256719446639,0.9966304158568624,1000
2024-01-01 11:36:00,0.9984502412036703,0.9994486914448739,0.9974517909624666,1000
2024-01-01 11:37:00,0.9973164377505488,0.9983137541882993,0.9963191213127982,1000
2024-01-01 11:38:00,0.996171690175558,0.9971678618657334,0.9951755184853824,1000
2024-01-01 11:39:00,0.9980985823654116,0.9990966809477769,0.9971004837830462,1000
2024-01-01 11:40:00,0.9992468529681906,1.0002460998211586,0.9982476061152225,1000
2024-01-01 11:41:00,0.9996867459308633,1.000686432676794,0.9986870591849324,1000
2024-01-01 11:42:00,1.000295313012736,1.0012956083257487,0.9992950176997234,1000
2024-01-01 11:43:00,0.9999449304372954,1.0009448753677326,0.9989449855068581,1000
2024-01-01 11:44:00,0.9991743811230531,1.000173555504176,0.99817520674193,1000
2024-01-01 11:45:00,0.9997567528113213,1.0007565095641324,0.99875699605851,1000
2024-01-01 11:46:00,0.9983317065021808,0.9993300382086829,0.9973333747956786,1000
2024-01-01 11:47:00,0.9986878394484902,0.9996865272879385,0.9976891516090417,1000
2024-01-01 11:48:00,0.9986584178706172,0.9996570762884877,0.9976597594527465,1000
2024-01-01 11:49:00,0.9987490316670457,0.9997477806987126,0.9977502826353786,1000
2024-01-01 11:50:00,1.0004910748933318,1.001491565968225,0.9994905838184385,1000
2024-01-01 11:51:00,1.0001146419737617,1.0011147566157352,0.9991145273317878,1000
2024-01-01 11:52:00,0.9998830978863522,1.0008829809842386,0.9988832147884659,1000
2024-01-01 11:53:00,0.9990613190625861,1.0000603803816486,0.9980622577435235,1000
2024-01-01 11:54:00,0.9982861094444527,0.999284395553897,0.9972878233350083,1000
2024-01-01 11:55:00,0.9958279207943983,0.9968237487151926,0.9948320928736039,1000
2024-01-01 11:56:00,0.9972175068871844,0.9982147243940714,0.9962202893802972,1000
2024-01-01 11:57:00,0.996616420110763,0.9976130365308736,0.9956198036906523,1000
2024-01-01 11:58:00,0.9980466642143244,0.9990447108785386,0.9970486175501101,1000
2024-01-01 11:59:00,0.9982534600909662,0.999251713551057,0.9972552066308752,1000
2024-01-01 12:00:00,0.9977011861727129,0.9986988873588855,0.9967034849865402,1000
2024-01-01 12:01:00,0.9994619150919325,1.0004613770070243,0.9984624531768406,1000
2024-01-01 12:02:00,1.0003923112924809,1.0013927036037733,0.9993919189811884,1000
2024-01-01 12:03:00,0.9995658282079276,1.0005653940361354,0.9985662623797197,1000
2024-01-01 12:04:00,0.9992109843432422,1.0002101953275853,0.998211773358899,1000
2024-01-01 12:05:00,0.9982054052946775,0.9992036106999721,0.9972071998893828,1000
2024-01-01 12:06:00,0.997476085425148,0.998473561510573,0.9964786093397229,1000
2024-01-01 12:07:00,0.9974678771536406,0.9984653450307941,0.996470409276487,1000
2024-01-01 12:08:00,0.9982551243168845,0.9992533794412012,0.9972568691925676,1000
2024-01-01 12:09:00,0.999796837076354,1.0007966339134302,0.9987970402392776,1000
2024-01-01 12:10:00,0.9981938204089081,0.9991920142293169,0.9971956265884993,1000
2024-01-01 12:11:00,0.9980751480081375,0.9990732231561454,0.9970770728601294,1000
2024-01-01 12:12:00,0.9993781027102706,1.0003774808129808,0.9983787246075604,1000
2024-01-01 12:13:00,0.9991970058233324,1.0001962028291556,0.9981978088175091,1000
2024-01-01 12:14:00,0.9995492989796757,1.0005488482786553,0.998549749680696,1000
2024-01-01 12:15:00,0.9998745682110002,1.0008744427792111,0.9988746936427891,1000
2024-01-01 12:16:00,0.9989023626762072,0.9999012650388833,0.997903460313531,1000
2024-01-01 12:17:00,0.9994578187944999,1.0004572766132942,0.9984583609757054,1000
2024-01-01 12:18:00,0.9991643805543524,1.0001635449349067,0.998165216173798,1000
2024-01-01 12:19:00,0.9997039228263969,1.000703626749223,0.9987042189035704,1000
2024-01-01 12:20:00,0.9980492657678092,0.9990473150335769,0.9970512165020413,1000
2024-01-01 12:21:00,0.9986563713347271,0.9996550277060617,0.9976577149633923,1000
2024-01-01 12:22:00,0.9962693314422839,0.9972656007737261,0.9952730621108417,1000
2024-01-01 12:23:00,0.9954923974778738,0.9964878898753515,0.9944969050803959,1000
2024-01-01 12:24:00,0.9959168130430083,0.9969127298560512,0.9949208962299653,1000
2024-01-01 12:25:00,0.996405999176928,0.9974024051761048,0.995409593177751,1000
2024-01-01 12:26:00,0.9963088897948951,0.9973051986846898,0.9953125809051002,1000
2024-01-01 12:27:00,0.9958181527091063,0.9968139708618153,0.9948223345563972,1000
2024-01-01 12:28:00,0.9946586208081992,0.9956532794290073,0.9936639621873911,1000
2024-01-01 12:29:00,0.9952961731048113,0.996291469277916,0.9943008769317065,1000
2024-01-01 12:30:00,0.9966749735588171,0.9976716485323758,0.9956782985852582,1000
2024-01-01 12:31:00,0.9953588516711053,0.9963542105227763,0.9943634928194341,1000
2024-01-01 12:32:00,0.9957967810691901,0.9967925778502592,0.9948009842881209,1000
2024-01-01 12:33:00,0.9951492154191165,0.9961443646345355,0.9941540662036974,1000
2024-01-01 12:34:00,0.9952063712074117,0.996201577578619,0.9942111648362043,1000
2024-01-01 12:35:00,0.9962436427878253,0.997239886430613,0.9952473991450375,1000
2024-01-01 12:36:00,0.997329461326872,0.9983267907881987,0.996332131865545,1000
2024-01-01 12:37:00,0.997692588657484,0.9986902812461413,0.9966948960688266,1000
2024-01-01 12:38:00,0.9970511140474326,0.99804816516148,0.9960540629333852,1000
2024-01-01 12:39:00,0.9966530525711629,0.9976497056237339,0.9956563995185918,1000
2024-01-01 12:40:00,0.9971584833331553,0.9981556418164883,0.9961613248498221,1000
2024-01-01 12:41:00,0.9970680662634258,0.9980651343296891,0.9960709981971624,1000
2024-01-01 12:42:00,0.9957396132874723,0.9967353529007597,0.9947438736741848,1000
2024-01-01 12:43:00,0.9945709570046695,0.9955655279616741,0.9935763860476647,1000
2024-01-01 12:44:00,0.9933069502740175,0.9943002572242914,0.9923136433237435,1000
2024-01-01 12:45:00,0.9934873833573813,0.9944808707407385,0.9924938959740239,1000
2024-01-01 12:46:00,0.9932570613155618,0.9942503183768773,0.9922638042542462,1000
2024-01-01 12:47:00,0.9915084256621579,0.99249993408782,0.9905169172364957,1000
2024-01-01 12:48:00,0.9920156830910051,0.993007698774096,0.991023667407914,1000
2024-01-01 12:49:00,0.9908374884587355,0.9918283259471942,0.9898466509702768,1000
2024-01-01 12:50:00,0.9923383187902093,0.9933306571089994,0.9913459804714191,1000
2024-01-01 12:51:00,0.9928988711222722,0.9938917699933943,0.9919059722511498,1000
2024-01-01 12:52:00,0.992563505858962,0.9935560693648209,0.9915709423531031,1000
2024-01-01 12:53:00,0.9934219611830868,0.9944153831442698,0.9924285392219037,1000
2024-01-01 12:54:00,0.994158332114029,0.995152490446143,0.993164173781915,1000
2024-01-01 12:55:00,0.9942222338339628,0.9952164560677966,0.9932280116001289,1000
2024-01-01 12:56:00,0.9947059134765873,0.9957006193900638,0.9937112075631107,1000
2024-01-01 12:57:00,0.9954948958553379,0.9964903907511932,0.9944994009594825,1000
2024-01-01 12:58:00,0.9934181246312571,0.9944115427558883,0.9924247065066258,1000
2024-01-01 12:59:00,0.9934419520506869,0.9944353940027374,0.9924485100986362,1000
2024-01-01 13:00:00,0.9944408498465908,0.9954352906964372,0.9934464089967442,1000
2024-01-01 13:01:00,0.9938421535491372,0.9948359957026862,0.992848311395588,1000
2024-01-01 13:02:00,0.9942915976087072,0.9952858892063158,0.9932973060110986,1000
2024-01-01 13:03:00,0.9944714410161863,0.9954659124572024,0.9934769695751702,1000
2024-01-01 13:04:00,0.9952341160036625,0.9962293501196661,0.9942388818876589,1000
2024-01-01 13:05:00,0.9946059918762058,0.9956005978680819,0.9936113858843296,1000
2024-01-01 13:06:00,0.9943040638425837,0.9952983679064262,0.9933097597787411,1000
2024-01-01 13:07:00,0.995934443516532,0.9969303779600485,0.9949385090730155,1000
2024-01-01 13:08:00,0.9965622799988596,0.9975588422788584,0.9955657177188607,1000
2024-01-01 13:09:00,0.9971016086620471,0.9980987102707091,0.996104507053385,1000
2024-01-01 13:10:00,0.996695919837659,0.9976926157574966,0.9956992239178214,1000
2024-01-01 13:11:00,0.9953078308048092,0.9963031386356139,0.9943125229740044,1000
2024-01-01 13:12:00,0.9946385587674337,0.995633197326201,0.9936439202086662,1000
2024-01-01 13:13:00,0.9955208790649609,0.9965163999440257,0.9945253581858959,1000
2024-01-01 13:14:00,0.9940916532446477,0.9950857448978921,0.993097561591403,1000
2024-01-01 13:15:00,0.9931310312932238,0.9941241623245168,0.9921379002619306,1000
2024-01-01 13:16:00,0.9933441022348483,0.994337446337083,0.9923507581326134,1000
2024-01-01 13:17:00,0.9912546822694839,0.9922459369517532,0.9902634275872144,1000
2024-01-01 13:18:00,0.9900799536261435,0.9910700335797695,0.9890898736725174,1000
2024-01-01 13:19:00,0.9900961763893302,0.9910862725657195,0.9891060802129409,1000
2024-01-01 13:20:00,0.9901347815668822,0.9911249163484489,0.9891446467853153,1000
2024-01-01 13:21:00,0.9897193667267234,0.9907090860934501,0.9887296473599967,1000
2024-01-01 13:22:00,0.9895986536818143,0.9905882523354961,0.9886090550281325,1000
2024-01-01 13:23:00,0.9886489223124278,0.9896375712347402,0.9876602733901154,1000
2024-01-01 13:24:00,0.988718645428535,0.9897073640739634,0.9877299267831066,1000
2024-01-01 13:25:00,0.9886381684567248,0.9896268066251814,0.9876495302882681,1000
2024-01-01 13:26:00,0.988296112270997,0.9892844083832679,0.987307816158726,1000
2024-01-01 13:27:00,0.9880358853690219,0.9890239212543908,0.9870478494836529,1000
2024-01-01 13:28:00,0.987377757039279,0.9883651347963182,0.9863903792822397,1000
2024-01-01 13:29:00,0.9861972216036597,0.9871834188252633,0.9852110243820561,1000
2024-01-01 13:30:00,0.9863584090623442,0.9873447674714064,0.9853720506532818,1000
2024-01-01 13:31:00,0.9864414647894448,0.9874279062542342,0.9854550233246554,1000
2024-01-01 13:32:00,0.9849055105955812,0.9858904161061767,0.9839206050849856,1000
2024-01-01 13:33:00,0.9856750486583019,0.9866607237069601,0.9846893736096436,1000
2024-01-01 13:34:00,0.9860500042079429,0.9870360542121507,0.9850639542037349,1000
2024-01-01 13:35:00,0.9862427979680567,0.9872290407660247,0.9852565551700886,1000
2024-01-01 13:36:00,0.9875697303069126,0.9885573000372194,0.9865821605766057,1000
2024-01-01 13:37:00,0.9865703859796321,0.9875569563656116,0.9855838155936525,1000
2024-01-01 13:38:00,0.9862516927088918,0.9872379444016006,0.9852654410161829,1000
2024-01-01 13:39:00,0.9853811849010169,0.9863665660859178,0.9843958037161159,1000
2024-01-01 13:40:00,0.9846125707552355,0.9855971833259906,0.9836279581844802,1000
2024-01-01 13:41:00,0.9827316907473355,0.9837144224380827,0.9817489590565881,1000
2024-01-01 13:42:00,0.9826544764422045,0.9836371309186466,0.9816718219657623,1000
2024-01-01 13:43:00,0.981341443703354,0.9823227851470572,0.9803601022596506,1000
2024-01-01 13:44:00,0.9795913574571231,0.9805709488145802,0.9786117660996659,1000
2024-01-01 13:45:00,0.979988406503233,0.9809683949097362,0.9790084180967298,1000
2024-01-01 13:46:00,0.9794278891516879,0.9804073170408395,0.9784484612625362,1000
2024-01-01 13:47:00,0.9798623044516047,0.9808421667560562,0.9788824421471531,1000
2024-01-01 13:48:00,0.9798520612073818,0.9808319132685891,0.9788722091461743,1000
2024-01-01 13:49:00,0.979604992337999,0.9805845973303369,0.9786253873456611,1000
2024-01-01 13:50:00,0.9796571430224968,0.9806368001655192,0.9786774858794743,1000
2024-01-01 13:51:00,0.9790544022301108,0.9800334566323408,0.9780753478278806,1000
2024-01-01 13:52:00,0.9788173639015657,0.9797961812654672,0.9778385465376641,1000
2024-01-01 13:53:00,0.977974174247231,0.9789521484214782,0.9769962000729837,1000
2024-01-01 13:54:00,0.978353470394613,0.9793318238650075,0.9773751169242183,1000
2024-01-01 13:55:00,0.9779297080630587,0.9789076377711217,0.9769517783549956,1000
2024-01-01 13:56:00,0.9759004853267867,0.9768763858121134,0.9749245848414599,1000
2024-01-01 13:57:00,0.9772977654969374,0.9782750632624342,0.9763204677314404,1000
2024-01-01 13:58:00,0.9783836978046021,0.9793620815024066,0.9774053141067975,1000
2024-01-01 13:59:00,0.9788003206405143,0.9797791209611547,0.9778215203198738,1000
2024-01-01 14:00:00,0.9798150433932136,0.9807948584366066,0.9788352283498204,1000
2024-01-01 14:01:00,0.9788717159473187,0.9798505876632659,0.9778928442313713,1000
2024-01-01 14:02:00,0.9779920612429416,0.9789700533041844,0.9770140691816986,1000
2024-01-01 14:03:00,0.9782667940561353,0.9792450608501913,0.9772885272620792,1000
2024-01-01 14:04:00,0.9794027678273864,0.9803821705952137,0.9784233650595591,1000
2024-01-01 14:05:00,0.9798621942650966,0.9808420564593615,0.9788823320708315,1000
2024-01-01 14:06:00,0.9805935521532902,0.9815741457054434,0.979612958601137,1000
2024-01-01 14:07:00,0.9786176181580998,0.9795962357762578,0.9776390005399417,1000
2024-01-01 14:08:00,0.978789720336154,0.97976851005649,0.9778109306158178,1000
2024-01-01 14:09:00,0.9795119753796069,0.9804914873549864,0.9785324634042273,1000
2024-01-01 14:10:00,0.9788702010490925,0.9798490712501415,0.9778913308480434,1000
2024-01-01 14:11:00,0.9778414009390565,0.9788192423399954,0.9768635595381174,1000
2024-01-01 14:12:00,0.9771608665135949,0.9781380273801084,0.9761837056470813,1000
2024-01-01 14:13:00,0.976432337020817,0.9774087693578377,0.9754559046837962,1000
2024-01-01 14:14:00,0.9786537952462467,0.9796324490414928,0.9776751414510005,1000
2024-01-01 14:15:00,0.9776201841564337,0.9785978043405901,0.9766425639722772,1000
2024-01-01 14:16:00,0.97847971268496,0.9794581923976449,0.9775012329722751,1000
2024-01-01 14:17:00,0.9791045743575161,0.9800836789318735,0.9781254697831585,1000
2024-01-01 14:18:00,0.9785818309173555,0.9795604127482728,0.9776032490864381,1000
2024-01-01 14:19:00,0.9788455500520187,0.9798243956020706,0.9778667045019667,1000
2024-01-01 14:20:00,0.9801590520131024,0.9811392110651154,0.9791788929610893,1000
2024-01-01 14:21:00,0.9796326251462671,0.9806122577714133,0.9786529925211209,1000
2024-01-01 14:22:00,0.9790066381410323,0.9799856447791732,0.9780276315028913,1000
2024-01-01 14:23:00,0.9801395824324696,0.9811197220149019,0.9791594428500371,1000
2024-01-01 14:24:00,0.9809705392285293,0.9819515097677577,0.9799895686893008,1000
2024-01-01 14:25:00,0.9814883089986548,0.9824697973076534,0.9805068206896561,1000
2024-01-01 14:26:00,0.9826466303025916,0.983629276932894,0.981663983672289,1000
2024-01-01 14:27:00,0.9835845671827315,0.9845681517499141,0.9826009826155487,1000
2024-01-01 14:28:00,0.9829877956239998,0.9839707834196237,0.9820048078283758,1000
2024-01-01 14:29:00,0.9823020215633775,0.9832843235849408,0.9813197195418142,1000
2024-01-01 14:30:00,0.9829505748435557,0.9839335254183992,0.9819676242687122,1000
2024-01-01 14:31:00,0.9821865070024547,0.983168693509457,0.9812043204954523,1000
2024-01-01 14:32:00,0.9829788797602883,0.9839618586400485,0.981995900880528,1000
2024-01-01 14:33:00,0.9820337950255396,0.983015828820565,0.981051761230514,1000
2024-01-01 14:34:00,0.9813073272104325,0.9822886345376428,0.980326019883222,1000
2024-01-01 14:35:00,0.9806340126554687,0.981614646668124,0.9796533786428132,1000
2024-01-01 14:36:00,0.980233277213509,0.9812135104907224,0.9792530439362954,1000
2024-01-01 14:37:00,0.9808913890460212,0.9818722804350671,0.9799104976569752,1000
2024-01-01 14:38:00,0.9796327410623653,0.9806123738034276,0.9786531083213029,1000
2024-01-01 14:39:00,0.9790842842975368,0.9800633685818342,0.9781052000132393,1000
2024-01-01 14:40:00,0.9780538320028879,0.9790318858348906,0.977075778170885,1000
2024-01-01 14:41:00,0.9766243493602368,0.9776009737095969,0.9756477250108766,1000
2024-01-01 14:42:00,0.9762589389812523,0.9772351979202334,0.975282680042271,1000
2024-01-01 14:43:00,0.9758493383160226,0.9768251876543386,0.9748734889777065,1000
2024-01-01 14:44:00,0.9758879511090295,0.9768638390601384,0.9749120631579204,1000
2024-01-01 14:45:00,0.9770535310229771,0.9780305845539999,0.9760764774919541,1000
2024-01-01 14:46:00,0.9779331445652436,0.9789110777098088,0.9769552114206783,1000
2024-01-01 14:47:00,0.9783568617636674,0.9793352186254309,0.9773785049019038,1000
2024-01-01 14:48:00,0.9783336667034127,0.979312000370116,0.9773553330367093,1000
2024-01-01 14:49:00,0.9783778876003426,0.9793562654879429,0.9773995097127423,1000
2024-01-01 14:50:00,0.9796604608765088,0.9806401213373852,0.9786808004156323,1000
2024-01-01 14:51:00,0.9800015354295979,0.9809815369650274,0.9790215338941682,1000
2024-01-01 14:52:00,0.9801421823482375,0.9811223245305856,0.9791620401658893,1000
2024-01-01 14:53:00,0.9795387963642277,0.9805183351605918,0.9785592575678634,1000
2024-01-01 14:54:00,0.9799251781718691,0.9809051033500409,0.9789452529936972,1000
2024-01-01 14:55:00,0.9807793889827486,0.9817601683717313,0.9797986095937659,1000
2024-01-01 14:56:00,0.9790913282926018,0.9800704196208944,0.9781122369643093,1000
2024-01-01 14:57:00,0.9803636213828023,0.981343985004185,0.9793832577614195,1000
2024-01-01 14:58:00,0.9801493208758593,0.981129470196735,0.9791691715549834,1000
2024-01-01 14:59:00,0.9803897543857385,0.9813701441401241,0.9794093646313528,1000
2024-01-01 15:00:00,0.9809808483051594,0.9819618291534644,0.9799998674568543,1000
2024-01-01 15:01:00,0.9806220199184409,0.9816026419383592,0.9796413978985224,1000
2024-01-01 15:02:00,0.9799254856997899,0.9809054111854896,0.9789455602140901,1000
2024-01-01 15:03:00,0.9792724546729443,0.9802517271276172,0.9782931822182713,1000
2024-01-01 15:04:00,0.9787116389133509,0.9796903505522642,0.9777329272744375,1000
2024-01-01 15:05:00,0.9791294760736377,0.9801086055497111,0.9781503465975641,1000
2024-01-01 15:06:00,0.9774904478430335,0.9784679382908764,0.9765129573951905,1000
2024-01-01 15:07:00,0.9785149632958335,0.9794934782591292,0.9775364483325377,1000
2024-01-01 15:08:00,0.9777016520988234,0.9786793537509222,0.9767239504467246,1000
2024-01-01 15:09:00,0.9780913196852066,0.9790694110048916,0.9771132283655214,1000
2024-01-01 15:10:00,0.9784462466953311,0.9794246929420263,0.9774678004486358,1000
2024-01-01 15:11:00,0.9783852658264044,0.9793636510922307,0.977406880560578,1000
2024-01-01 15:12:00,0.9793780625153401,0.9803574405778553,0.9783986844528247,1000
2024-01-01 15:13:00,0.9790253845815555,0.980004409966137,0.9780463591969739,1000
2024-01-01 15:14:00,0.9784527742663571,0.9794312270406234,0.9774743214920908,1000
2024-01-01 15:15:00,0.9816338361164325,0.9826154699525488,0.9806522022803161,1000
2024-01-01 15:16:00,0.9806579872759033,0.981638645263179,0.9796773292886274,1000
2024-01-01 15:17:00,0.9810360295141766,0.9820170655436906,0.9800549934846624,1000
2024-01-01 15:18:00,0.9821452006897416,0.9831273458904313,0.9811630554890519,1000
2024-01-01 15:19:00,0.9829233974738978,0.9839063208713715,0.9819404740764239,1000
2024-01-01 15:20:00,0.9823477965177049,0.9833301443142225,0.9813654487211871,1000
2024-01-01 15:21:00,0.9819955473975234,0.9829775429449208,0.9810135518501258,1000
2024-01-01 15:22:00,0.9822058172963104,0.9831880231136066,0.981223611479014,1000
2024-01-01 15:23:00,0.9834565027474199,0.9844399592501673,0.9824730462446725,1000
2024-01-01 15:24:00,0.9827422913839079,0.9837250336752917,0.9817595490925239,1000
2024-01-01 15:25:00,0.9819242953248891,0.9829062196202139,0.9809423710295643,1000
2024-01-01 15:26:00,0.9824252804688681,0.9834077057493369,0.9814428551883992,1000
2024-01-01 15:27:00,0.9816593046949438,0.9826409639996386,0.9806776453902488,1000
2024-01-01 15:28:00,0.9811669574386997,0.9821481243961383,0.9801857904812611,1000
2024-01-01 15:29:00,0.9815700873193082,0.9825516574066274,0.9805885172319888,1000
2024-01-01 15:30:00,0.9823371201970476,0.9833194573172445,0.9813547830768505,1000
2024-01-01 15:31:00,0.9831083215918228,0.9840914299134146,0.982125213270231,1000
2024-01-01 15:32:00,0.9826813122833243,0.9836639935956075,0.981698630971041,1000
2024-01-01 15:33:00,0.9823787414669952,0.9833611202084621,0.9813963627255282,1000
2024-01-01 15:34:00,0.9824407220804974,0.9834231628025778,0.9814582813584168,1000
2024-01-01 15:35:00,0.9822130247230829,0.9831952377478059,0.9812308116983598,1000
2024-01-01 15:36:00,0.9812979885122962,0.9822792865008084,0.9803166905237839,1000
2024-01-01 15:37:00,0.9808933210137265,0.9818742143347401,0.9799124276927128,1000
2024-01-01 15:38:00,0.9819413431270528,0.9829232844701797,0.9809594017839258,1000
2024-01-01 15:39:00,0.9814257223927741,0.9824071481151668,0.9804442966703814,1000
2024-01-01 15:40:00,0.9801364559799535,0.9811165924359333,0.9791563195239735,1000
2024-01-01 15:41:00,0.9783131149643982,0.9792914280793625,0.9773348018494338,1000
2024-01-01 15:42:00,0.9781943191627807,0.9791725134819433,0.9772161248436179,1000
2024-01-01 15:43:00,0.9779159442012457,0.9788938601454469,0.9769380282570445,1000
2024-01-01 15:44:00,0.9775234501578075,0.9785009736079652,0.9765459267076497,1000
2024-01-01 15:45:00,0.9777844983290366,0.9787622828273655,0.9768067138307075,1000
2024-01-01 15:46:00,0.9775676750202427,0.9785452426952628,0.9765901073452224,1000
2024-01-01 15:47:00,0.9776850763650335,0.9786627614413985,0.9767073912886685,1000
2024-01-01 15:48:00,0.9786752273098663,0.9796539025371761,0.9776965520825565,1000
2024-01-01 15:49:00,0.9796884922647087,0.9806681807569733,0.978708803772444,1000
2024-01-01 15:50:00,0.9783289358194845,0.9793072647553039,0.977350606883665,1000
2024-01-01 15:51:00,0.9804509766209619,0.9814314275975827,0.979470525644341,1000
2024-01-01 15:52:00,0.979009457984841,0.9799884674428256,0.9780304485268562,1000
2024-01-01 15:53:00,0.9780346129963818,0.9790126476093781,0.9770565783833854,1000
2024-01-01 15:54:00,0.9772597786989217,0.9782370384776204,0.9762825189202228,1000
2024-01-01 15:55:00,0.976286539523846,0.9772628260633698,0.9753102529843222,1000
2024-01-01 15:56:00,0.9769906596939668,0.9779676503536606,0.9760136690342729,1000
2024-01-01 15:57:00,0.9766303423764994,0.9776069727188758,0.9756537120341229,1000
2024-01-01 15:58:00,0.9770284007750376,0.9780054291758126,0.9760513723742625,1000
2024-01-01 15:59:00,0.9771253981198532,0.978102523517973,0.9761482727217333,1000
2024-01-01 16:00:00,0.9768598145113133,0.9778366743258246,0.975882954696802,1000
2024-01-01 16:01:00,0.975573327453655,0.9765489007811086,0.9745977541262013,1000
2024-01-01 16:02:00,0.9754806294311587,0.9764561100605897,0.9745051488017274,1000
2024-01-01 16:03:00,0.9753102914055588,0.9762856016969642,0.9743349811141533,1000
2024-01-01 16:04:00,0.9751082473569267,0.9760833556042835,0.9741331391095698,1000
2024-01-01 16:05:00,0.9746399876216324,0.9756146276092539,0.9736653476340108,1000
2024-01-01 16:06:00,0.974756897037752,0.9757316539347897,0.9737821401407143,1000
2024-01-01 16:07:00,0.9768877092400508,0.9778645969492907,0.9759108215308107,1000
2024-01-01 16:08:00,0.977958008593588,0.9789359666021814,0.9769800505849944,1000
2024-01-01 16:09:00,0.9783097836263304,0.9792880934099566,0.977331473842704,1000
2024-01-01 16:10:00,0.9791907092090972,0.9801698999183063,0.9782115184998882,1000
2024-01-01 16:11:00,0.9803206207587885,0.9813009413795472,0.9793403001380296,1000
2024-01-01 16:12:00,0.9815169123418573,0.9824984292541991,0.9805353954295155,1000
2024-01-01 16:13:00,0.9820125066687733,0.9829945191754419,0.9810304941621045,1000
2024-01-01 16:14:00,0.9812131765314724,0.9821943897080038,0.980231963354941,1000
2024-01-01 16:15:00,0.9817509672207309,0.9827327181879515,0.9807692162535101,1000
2024-01-01 16:16:00,0.9814797173563327,0.9824611970736888,0.9804982376389764,1000
2024-01-01 16:17:00,0.9791661385611479,0.980145304699709,0.9781869724225867,1000
2024-01-01 16:18:00,0.9788817196890062,0.979860601408695,0.9779028379693172,1000
2024-01-01 16:19:00,0.9788656496320114,0.9798445152816433,0.9778867839823794,1000
2024-01-01 16:20:00,0.9773557600705557,0.9783331158306261,0.9763784043104852,1000
2024-01-01 16:21:00,0.977473227685988,0.9784507009136739,0.976495754458302,1000
2024-01-01 16:22:00,0.9789240227388902,0.979902946761629,0.9779450987161513,1000
2024-01-01 16:23:00,0.9777569044058114,0.9787346613102171,0.9767791475014056,1000
2024-01-01 16:24:00,0.9768210640341479,0.977797885098182,0.9758442429701137,1000
2024-01-01 16:25:00,0.9762444970737779,0.9772207415708516,0.9752682525767041,1000
2024-01-01 16:26:00,0.9757327774459083,0.976708510223354,0.9747570446684624,1000
2024-01-01 16:27:00,0.9760708101186332,0.9770468809287517,0.9750947393085145,1000
2024-01-01 16:28:00,0.9735630398693391,0.9745366029092084,0.9725894768294698,1000
2024-01-01 16:29:00,0.9725796169501912,0.9735521965671413,0.971607037333241,1000
2024-01-01 16:30:00,0.9720461566307123,0.9730182027873429,0.9710741104740815,1000
2024-01-01 16:31:00,0.9732124619515556,0.9741856744135071,0.972239249489604,1000
2024-01-01 16:32:00,0.972568943217387,0.9735415121606042,0.9715963742741696,1000
2024-01-01 16:33:00,0.9743338845447886,0.9753082184293334,0.9733595506602438,1000
2024-01-01 16:34:00,0.9747235720092605,0.9756982955812696,0.9737488484372513,1000
2024-01-01 16:35:00,0.9756337277377439,0.9766093614654816,0.9746580940100061,1000
2024-01-01 16:36:00,0.9742091641683872,0.9751833733325554,0.9732349550042189,1000
2024-01-01 16:37:00,0.9730269319852004,0.9739999589171855,0.9720539050532152,1000
2024-01-01 16:38:00,0.9728974785733098,0.973870376051883,0.9719245810947365,1000
2024-01-01 16:39:00,0.9729875826349744,0.9739605702176093,0.9720145950523394,1000
