date,equity,exposure_pct,mss_mode,mss_score
2024-12-05,100000000.0,85.4217,NORMAL,0.0
2024-12-06,100366450.0,53.05826797699829,NORMAL,0.0
2024-12-09,97857850.0,84.70891706694967,NORMAL,0.0
2024-12-10,93880575.0,85.38246596806634,NORMAL,0.0
2024-12-11,94405025.0,42.41214914142547,NORMAL,0.0
2024-12-12,94432825.0,83.97980257394609,NORMAL,0.0
2024-12-13,96040475.0,56.04616178751719,NORMAL,0.0
2024-12-16,94942275.0,86.03557266770783,NORMAL,0.0
2024-12-17,93471685.0,86.21277127934518,NORMAL,0.0
2024-12-18,91203155.0,46.93927529151815,NORMAL,0.0
2024-12-19,91629005.0,85.89015017679172,NORMAL,0.0
2024-12-20,89699555.0,84.81435610243551,NORMAL,0.0
2024-12-23,85771205.0,84.46299664322076,NORMAL,0.0
2024-12-24,88484895.0,42.55163550795873,NORMAL,0.0
2024-12-25,89739125.0,85.07464497787336,NORMAL,0.0
2024-12-26,89739125.0,85.07464497787336,NORMAL,0.0
2024-12-27,88495248.0,65.76963883981657,NORMAL,0.0
2024-12-30,88049879.0,86.18114625688469,NORMAL,0.0
2024-12-31,87671172.0,65.93543314329139,NORMAL,0.0
2025-01-01,87671172.0,85.43808106044254,NORMAL,0.0
2025-01-02,87671172.0,85.43808106044254,NORMAL,0.0
2025-01-03,87691126.0,18.956593167705478,NORMAL,0.0
2025-01-06,87402026.0,85.09859943063563,NORMAL,0.0
2025-01-07,87685526.0,47.85270946541394,NORMAL,0.0
2025-01-08,87727926.0,85.41578881050944,NORMAL,0.0
2025-01-09,87121026.0,46.58043168591701,NORMAL,0.0
2025-01-10,86821526.0,85.43577084788858,NORMAL,0.0
2025-01-13,88693066.0,50.35557120102264,NORMAL,0.0
2025-01-14,88798636.0,85.27814548863115,NORMAL,0.0
2025-01-15,88933836.0,32.920990836378635,NORMAL,0.0
2025-01-16,88516836.0,85.32546283059644,NORMAL,0.0
2025-01-17,89848236.0,33.38934778864217,NORMAL,0.0
2025-01-20,89250416.0,85.44069979460936,NORMAL,0.0
2025-01-21,89856276.0,17.91672292317122,NORMAL,0.0
2025-01-22,89627376.0,85.24615737941497,NORMAL,0.0
2025-01-23,90364926.0,22.19533715990649,NORMAL,0.0
2025-01-24,90438126.0,85.44637468494206,NORMAL,0.0
2025-01-27,90683576.0,18.790613197697454,NORMAL,0.0
2025-01-28,90683576.0,85.16150708481103,NORMAL,0.0
2025-01-29,90683576.0,85.16150708481103,NORMAL,0.0
2025-01-30,90683576.0,85.16150708481103,NORMAL,0.0
2025-01-31,90683576.0,85.16150708481103,NORMAL,0.0
2025-02-03,91680976.0,37.05937859998349,NORMAL,0.0
2025-02-04,92077076.0,85.48273187997411,NORMAL,0.0
2025-02-05,93071376.0,31.979005016536988,NORMAL,0.0
2025-02-06,93032976.0,85.34931742912319,NORMAL,0.0
2025-02-07,92877376.0,51.922892395237355,NORMAL,0.0
2025-02-10,91210831.0,84.38885399476297,NORMAL,0.0
2025-02-11,90903856.0,67.72958014014279,NORMAL,0.0
2025-02-12,90990481.0,84.74261170242632,NORMAL,0.0
2025-02-13,90399931.0,64.79545874874617,NORMAL,0.0
2025-02-14,92050431.0,84.81676745218064,NORMAL,0.0
2025-02-17,91073371.0,45.88251158508232,NORMAL,0.0
2025-02-18,91576471.0,85.3716234599169,NORMAL,0.0
2025-02-19,91674671.0,68.93333710464039,NORMAL,0.0
2025-02-20,91794091.0,85.84341229546028,NORMAL,0.0
2025-02-21,92997041.0,48.73313119715282,NORMAL,0.0
2025-02-24,93206891.0,84.35443898670539,NORMAL,0.0
2025-02-25,92134311.0,66.20607386970094,NORMAL,0.0
2025-02-26,92211921.0,85.40155236544742,NORMAL,0.0
2025-02-27,92723297.0,14.265670471143837,NORMAL,0.0
2025-02-28,92768597.0,85.47687748258174,NORMAL,0.0
2025-03-03,90801597.0,49.75617334131249,NORMAL,0.0
2025-03-04,90801597.0,84.69157210968436,NORMAL,0.0
2025-03-05,87777747.0,80.7155599471014,TURBO,0.608
2025-03-06,88406547.0,72.16569605416214,TURBO,0.608
2025-03-07,86833147.0,78.83855689348677,TURBO,0.608
2025-03-10,86099047.0,50.33307743812774,TURBO,0.608
2025-03-11,86316047.0,81.18189193719681,TURBO,0.608
2025-03-12,84076947.0,50.16452369518127,TURBO,0.608
2025-03-13,85066297.0,81.14371076949547,TURBO,0.608
2025-03-14,86282617.0,23.91348421895919,TURBO,0.608
2025-03-17,86643397.0,84.4292866310401,TURBO,0.608
2025-03-18,88383444.0,27.207021939538812,TURBO,0.608
2025-03-19,88434012.0,83.85608356205755,TURBO,0.608
2025-03-20,88406189.0,28.341907148604722,TURBO,0.608
2025-03-21,87753689.0,79.95287810635516,TURBO,0.608
2025-03-24,81229239.0,81.40547765072623,TURBO,0.608
2025-03-25,83274099.0,86.52815324966771,TURBO,0.608
2025-03-26,87099179.0,65.19097039938804,TURBO,0.608
2025-03-27,85823479.0,99.53594400432078,TURBO,0.608
2025-03-28,85520469.0,50.886297174071856,TURBO,0.608
2025-03-31,87267359.0,79.12046473183634,TURBO,0.608
2025-04-01,84978289.0,67.92476134698357,TURBO,0.608
2025-04-02,86226639.0,83.1925618717436,TURBO,0.608
2025-04-03,84494514.0,29.32734780863998,TURBO,0.608
2025-04-04,84835764.0,80.26237613655486,TURBO,0.608
2025-04-07,85129044.0,0.0,TURBO,0.608
2025-04-08,85129044.0,80.05693098115843,TURBO,0.608
2025-04-09,84096004.0,56.40624731705445,TURBO,0.608
2025-04-10,85331104.0,78.69404806950581,TURBO,0.608
2025-04-11,88144104.0,58.125952474370834,TURBO,0.608
2025-04-14,89508054.0,81.15873014064186,TURBO,0.608
2025-04-15,89106254.0,30.844916901118975,TURBO,0.608
2025-04-16,89050504.0,84.80749306034248,TURBO,0.608
2025-04-17,89056404.0,63.264512678953444,TURBO,0.608
2025-04-18,90680404.0,83.49725702589504,TURBO,0.608
2025-04-21,90899554.0,82.21030435418858,TURBO,0.608
2025-04-22,91644404.0,83.24507189767965,TURBO,0.608
2025-04-23,99277304.0,0.0,TURBO,0.608
2025-04-24,99277304.0,78.27065892119714,TURBO,0.608
2025-04-25,98609804.0,52.38576480691515,TURBO,0.608
2025-04-28,100398304.0,80.64080445024251,TURBO,0.608
2025-04-29,99467604.0,20.096472817421038,TURBO,0.608
2025-04-30,99823764.0,86.06778241702045,TURBO,0.608
2025-05-01,96445664.0,55.09746918223301,TURBO,0.608
2025-05-02,96445664.0,83.57879935379988,TURBO,0.608
2025-05-05,95082961.0,51.74071093557971,TURBO,0.608
2025-05-06,95082961.0,84.32436175394244,TURBO,0.608
2025-05-07,95082961.0,84.32436175394244,TURBO,0.608
2025-05-08,97268151.0,69.35439741216013,TURBO,0.608
2025-05-09,96651311.0,93.47262759839853,TURBO,0.608
2025-05-12,96930811.0,41.09029893497951,TURBO,0.608
2025-05-13,99325251.0,81.18132014587106,TURBO,0.608
2025-05-14,100568301.0,82.23326751836049,TURBO,0.608
2025-05-15,100418801.0,29.65898786224305,TURBO,0.608
2025-05-16,100608101.0,82.12748196092082,TURBO,0.608
2025-05-19,102578801.0,0.0,TURBO,0.608
2025-05-20,102578801.0,80.27676693160022,TURBO,0.608
2025-05-21,101633531.0,49.90242836293861,TURBO,0.608
2025-05-22,101583841.0,82.54078520224492,TURBO,0.608
2025-05-23,99359741.0,56.185331642521085,TURBO,0.608
2025-05-26,97304641.0,81.04392471886311,TURBO,0.608
2025-05-27,96806191.0,81.6302647420556,TURBO,0.608
2025-05-28,96998641.0,47.13344385928046,TURBO,0.608
2025-05-29,100846141.0,82.21994334914609,TURBO,0.608
2025-05-30,102329341.0,51.4204425493173,TURBO,0.608
2025-06-02,103142341.0,78.79501203099511,TURBO,0.608
2025-06-03,103777921.0,42.71860485622948,ABS,-0.456
2025-06-04,103777921.0,42.71860485622948,ABS,-0.456
2025-06-05,102707431.0,42.71949903994775,ABS,-0.456
2025-06-06,102109391.0,42.36883167778368,ABS,-0.456
2025-06-09,102109391.0,42.36883167778368,ABS,-0.456
2025-06-10,103595085.0,42.682932303207245,ABS,-0.456
2025-06-11,106142995.0,42.51613589761623,ABS,-0.456
2025-06-12,106591195.0,42.79931377071061,ABS,-0.456
2025-06-13,106874745.0,42.6837977484765,ABS,-0.456
2025-06-16,105461895.0,42.40425416213126,ABS,-0.456
2025-06-17,105541869.0,43.18200959658958,ABS,-0.456
2025-06-18,104173409.0,42.53679554635675,ABS,-0.456
2025-06-19,104679189.0,42.81526292680773,ABS,-0.456
2025-06-20,105753169.0,42.30328076504261,ABS,-0.456
2025-06-23,106384999.0,42.70016489824848,ABS,-0.456
2025-06-24,106741759.0,42.696916770876896,ABS,-0.456
2025-06-25,107446269.0,43.05230924305059,ABS,-0.456
2025-06-26,109364019.0,42.657631300107944,ABS,-0.456
2025-06-27,107664269.0,42.89951571584069,ABS,-0.456
2025-06-30,107733819.0,42.2348065095511,ABS,-0.456
2025-07-01,108253519.0,42.648036226887,ABS,-0.456
2025-07-02,109071619.0,42.478740505355475,ABS,-0.456
2025-07-03,108093869.0,42.5533847807779,ABS,-0.456
2025-07-04,108539569.0,42.70596467911164,ABS,-0.456
2025-07-07,107352849.0,42.22617324296628,ABS,-0.456
2025-07-08,108460079.0,42.383151869177595,ABS,-0.456
2025-07-09,110133479.0,42.86634766164065,ABS,-0.456
2025-07-10,111419929.0,42.43235516691094,ABS,-0.456
2025-07-11,111349969.0,42.71806308271177,ABS,-0.456
2025-07-14,111707399.0,41.984282527247814,ABS,-0.456
2025-07-15,110978949.0,42.68575295302175,ABS,-0.456
2025-07-16,110806929.0,42.57936793826314,ABS,-0.456
2025-07-17,110302989.0,42.33402958826438,ABS,-0.456
2025-07-18,108997789.0,42.49521978835736,ABS,-0.456
2025-07-21,109449539.0,42.777886894525885,ABS,-0.456
2025-07-22,108076739.0,41.424177315342575,ABS,-0.456
2025-07-23,108671839.0,42.16487953240581,ABS,-0.456
2025-07-24,108297139.0,42.709946381870715,ABS,-0.456
2025-07-25,107829939.0,41.73810206829478,ABS,-0.456
2025-07-28,107554179.0,42.77009078373422,ABS,-0.456
2025-07-29,106494969.0,42.68323698934548,ABS,-0.456
2025-07-30,106506969.0,42.919501352066455,ABS,-0.456
2025-07-31,106778429.0,42.64099071920228,ABS,-0.456
2025-08-01,106310969.0,42.79755929983104,ABS,-0.456
2025-08-04,104970369.0,42.36595567269084,ABS,-0.456
2025-08-05,105597169.0,42.940166322072514,ABS,-0.456
2025-08-06,105642419.0,42.59945997639452,ABS,-0.456
2025-08-07,105498919.0,42.69389717633031,ABS,-0.456
2025-08-08,105421019.0,42.77348144396138,ABS,-0.456
2025-08-11,105431679.0,42.28581999533556,ABS,-0.456
2025-08-12,105878779.0,42.60471307475127,ABS,-0.456
2025-08-13,104464279.0,42.585274531976616,ABS,-0.456
2025-08-14,104037829.0,42.41063123299122,ABS,-0.456
2025-08-15,104350529.0,42.76029017543361,ABS,-0.456
2025-08-18,104350529.0,42.76029017543361,ABS,-0.456
2025-08-19,104543219.0,42.86085738377732,ABS,-0.456
2025-08-20,104778959.0,42.720218283520076,ABS,-0.456
2025-08-21,103829069.0,42.35711677237518,ABS,-0.456
2025-08-22,105793719.0,42.30808825238481,ABS,-0.456
2025-08-25,106901519.0,42.61545151664309,ABS,-0.456
2025-08-26,108814654.0,42.50277724542505,ABS,-0.456
2025-08-27,108437304.0,42.75419831536941,ABS,-0.456
2025-08-28,108758604.0,42.865987871635426,ABS,-0.456
2025-08-29,108815654.0,42.55319735522611,ABS,-0.456
2025-09-01,108349514.0,43.09906733868691,ABS,-0.456
2025-09-02,107398064.0,85.19213344478909,NORMAL,0.0
2025-09-03,110300450.0,36.858417168742285,NORMAL,0.0
2025-09-04,109242650.0,85.440256163687,NORMAL,0.0
2025-09-05,109523810.0,52.52962803247988,NORMAL,0.0
2025-09-08,111091460.0,85.02944330734333,NORMAL,0.0
2025-09-09,110783160.0,52.6521359383502,NORMAL,0.0
2025-09-10,111368660.0,85.32104094634883,NORMAL,0.0
2025-09-11,113660050.0,39.7815459345654,NORMAL,0.0
2025-09-12,122719400.0,85.26961507308542,NORMAL,0.0
2025-09-15,125548240.0,32.28372615976138,NORMAL,0.0
2025-09-16,131368840.0,85.4135957963852,NORMAL,0.0
2025-09-17,132920540.0,17.575613219747677,NORMAL,0.0
2025-09-18,131507540.0,84.73955181581223,NORMAL,0.0
2025-09-19,132836390.0,16.488252955383686,NORMAL,0.0
2025-09-22,133354790.0,85.42729511253401,NORMAL,0.0
2025-09-23,131991950.0,51.70152422174231,NORMAL,0.0
2025-09-24,130863510.0,85.4294218457078,NORMAL,0.0
2025-09-25,130517310.0,46.791704487320494,NORMAL,0.0
2025-09-26,130610236.0,85.39659939057151,NORMAL,0.0
2025-09-29,131562886.0,37.08229690248662,NORMAL,0.0
2025-09-30,135380546.0,85.41836579681102,NORMAL,0.0
2025-10-01,137543796.0,34.63647317106182,NORMAL,0.0
2025-10-02,137812156.0,85.42384316228244,NORMAL,0.0
2025-10-03,137269046.0,37.26155421813014,NORMAL,0.0
2025-10-06,137269046.0,85.46215145984186,NORMAL,0.0
2025-10-07,137269046.0,85.46215145984186,NORMAL,0.0
2025-10-08,137269046.0,85.46215145984186,NORMAL,0.0
2025-10-09,137269046.0,85.46215145984186,NORMAL,0.0
2025-10-10,137269046.0,85.46215145984186,NORMAL,0.0
2025-10-13,132505356.0,85.46952622805676,NORMAL,0.0
2025-10-14,131480386.0,50.496368332840156,NORMAL,0.0
2025-10-15,132471136.0,84.72891030390197,NORMAL,0.0
2025-10-16,136330966.0,34.98398155559171,NORMAL,0.0
2025-10-17,135652966.0,85.34273404681767,NORMAL,0.0
2025-10-20,133759716.0,31.95109953732258,NORMAL,0.0
2025-10-21,137692556.0,85.27029594831546,NORMAL,0.0
2025-10-22,137355106.0,16.244390652648907,NORMAL,0.0
2025-10-23,136492606.0,84.9104778613429,NORMAL,0.0
2025-10-24,137074794.0,32.45128349417764,NORMAL,0.0
2025-10-27,137875664.0,85.45663286887235,NORMAL,0.0
2025-10-28,140495824.0,37.542183460200214,NORMAL,0.0
2025-10-29,141720574.0,85.17279925778455,NORMAL,0.0
2025-10-30,143496634.0,0.0,NORMAL,0.0
2025-10-31,143496634.0,85.40242832455569,NORMAL,0.0
2025-11-03,141224144.0,34.29342789997722,NORMAL,0.0
2025-11-04,140487544.0,86.04168494823998,NORMAL,0.0
2025-11-05,139974194.0,52.22514087132375,NORMAL,0.0
2025-11-06,137572474.0,85.45295914355658,NORMAL,0.0
2025-11-07,133200044.0,65.1602037008336,NORMAL,0.0
2025-11-10,131263564.0,85.91199001727547,NORMAL,0.0
2025-11-11,132233084.0,19.79005496082962,NORMAL,0.0
2025-11-12,130868084.0,85.06023516016327,NORMAL,0.0
2025-11-13,131382454.0,53.64468226480227,NORMAL,0.0
2025-11-14,132624154.0,85.35369809031921,NORMAL,0.0
2025-11-17,129688364.0,63.67626011536394,NORMAL,0.0
2025-11-18,132429564.0,85.48597199942454,NORMAL,0.0
2025-11-19,125062064.0,85.49646997669893,NORMAL,0.0
2025-11-20,125109514.0,66.79252226972923,NORMAL,0.0
2025-11-21,124482814.0,85.29956593044241,NORMAL,0.0
2025-11-24,124470814.0,54.72150282555395,NORMAL,0.0
2025-11-25,124353764.0,85.48068557056303,NORMAL,0.0
2025-11-26,123454014.0,31.79677900145069,NORMAL,0.0
2025-11-27,123844614.0,84.31468808163106,NORMAL,0.0
2025-11-28,122273214.0,85.12772061426307,NORMAL,0.0
2025-12-01,127628914.0,35.03720167986386,NORMAL,0.0
2025-12-02,125496814.0,85.29367924830346,NORMAL,0.0
2025-12-03,128232264.0,18.552273240687693,NORMAL,0.0
2025-12-04,128549464.0,85.56629998861762,NORMAL,0.0
2025-12-05,130267594.0,51.575950654312386,NORMAL,0.0
