Code,ISU_CD,Name,Market,Dept,Close,ChangeCode,Changes,ChagesRatio,Open,High,Low,Volume,Amount,Marcap,Stocks,MarketId
005930,KR7005930003,삼성전자,KOSPI,,107300,2,-700,-0.65,109200,110500,107300,22862648,2475876354450,639320895576000,5919637922,STK
000660,KR7000660001,SK하이닉스,KOSPI,,565000,2,-22000,-3.75,583000,589000,565000,3910539,2246580571500,414961348050000,728002365,STK
373220,KR7373220003,LG에너지솔루션,KOSPI,,446000,1,4500,1.02,446000,446000,433000,709604,314778733750,103428000000000,234000000,STK
207940,KR7207940008,삼성바이오로직스,KOSPI,,1669000,1,4000,0.24,1666000,1693000,1661000,55438,92845420000,77537342925000,46290951,STK
005935,KR7005931001,삼성전자우,KOSPI,,81400,1,400,0.49,81600,82800,81000,1876748,153529097950,66420337649600,815974664,STK
005380,KR7005380001,현대차,KOSPI,,295500,2,-7000,-2.31,304000,306500,295500,1465502,437916256500,60710677619000,204757766,STK
034020,KR7034020008,두산에너빌리티,KOSPI,,77300,1,500,0.65,78000,79200,77100,4645224,362057688450,49579432700400,640561146,STK
329180,KR7329180004,HD현대중공업,KOSPI,,559000,2,-12000,-2.1,576000,577000,545000,561306,312469571500,49180306264000,88773116,STK
000270,KR7000270009,기아,KOSPI,,122900,2,-500,-0.41,124600,126400,122500,1030157,127424409150,48137922653400,390412998,STK
105560,KR7105560007,KB금융,KOSPI,,124800,1,300,0.24,125400,126900,124800,979243,122738463900,47682762875000,381462103,STK
012450,KR7012450003,한화에어로스페이스,KOSPI,,904000,2,-19000,-2.06,932000,935000,900000,241360,219154403500,46922694910000,51563401,STK
068270,KR7068270008,셀트리온,KOSPI,,186700,1,1000,0.54,187300,192100,185700,940315,176479306600,43212797299900,230960969,STK
028260,KR7028260008,삼성물산,KOSPI,,252000,1,4500,1.82,255000,258000,248500,370879,93653801750,42834089088000,169976544,STK
402340,KR7402340004,SK스퀘어,KOSPI,,307500,2,-16500,-5.09,324000,324000,307500,317943,99060628000,41153936409000,132540858,STK
035420,KR7035420009,NAVER,KOSPI,,243500,2,-1000,-0.41,245500,246000,241000,1054714,256583844066,37879912077000,156852638,STK
055550,KR7055550008,신한지주,KOSPI,,77100,2,-200,-0.26,78000,78400,77100,1439532,111351202750,37625857385000,485494934,STK
042660,KR7042660001,한화오션,KOSPI,,113100,1,600,0.53,113600,113800,111000,1238224,139211621850,34318300128000,306413394,STK
012330,KR7012330007,현대모비스,KOSPI,,360500,2,-1500,-0.41,370000,374500,360000,378606,137747819000,32890561337500,90732583,STK
009540,KR7009540006,HD한국조선해양,KOSPI,,445500,1,3500,0.79,448500,452500,441000,220681,98389219500,31564809736000,70773116,STK
015760,KR7015760002,한국전력,KOSPI,,48800,2,-1000,-2.01,49900,50200,48800,4507538,221779364775,31552534384550,641964077,STK
032830,KR7032830002,삼성생명,KOSPI,,153100,2,-1300,-0.84,156600,156600,153100,385859,59283697650,30800000000000,200000000,STK
267260,KR7267260008,HD현대일렉트릭,KOSPI,,846000,2,-3000,-0.35,868000,882000,846000,165857,142490482500,30676111885000,36047135,STK
010130,KR7010130003,고려아연,KOSPI,,1536000,1,56000,3.78,1502000,1553000,1476000,50872,77741704500,29691908705000,19343263,STK
051910,KR7051910008,LG화학,KOSPI,,365500,2,-10500,-2.79,379500,380500,365500,278617,102836554250,26048574567000,70592343,STK
035720,KR7035720002,카카오,KOSPI,,59200,3,0,0.0,59500,59700,58500,2500976,147688838200,26012188490400,442384158,STK
086790,KR7086790003,하나금융지주,KOSPI,,91600,3,0,0.0,92600,93300,91500,905692,83341355000,25578142306600,278325814,STK
005490,KR7005490008,POSCO홀딩스,KOSPI,,308000,2,-6500,-2.07,316500,317500,308000,343074,106389839250,25170148072000,80932952,STK
006400,KR7006400006,삼성SDI,KOSPI,,308000,2,-9500,-2.99,321000,321500,308000,458984,143030681750,24981514300000,80585530,STK
196170,KR7196170005,알테오젠,KOSDAQ GLOBAL,우량기업부,453500,2,-3000,-0.66,460000,461500,449500,499579,226941447000,24131110388000,53505788,KSQ
010140,KR7010140002,삼성중공업,KOSPI,,25800,2,-450,-1.71,26600,26650,25750,3501831,91012359725,22792000000000,880000000,STK
000810,KR7000810002,삼성화재,KOSPI,,630000,1,139000,28.31,495500,630000,483500,187751,107800652250,22269399020000,46011155,STK
316140,KR7316140003,우리금융지주,KOSPI,,27500,2,-50,-0.18,28050,28150,27500,2841567,78487531375,20370617880000,734076320,STK
009150,KR7009150004,삼성전기,KOSPI,,269500,1,1000,0.37,272000,282500,269500,814691,223704436000,20204644768000,74693696,STK
064350,KR7064350002,현대로템,KOSPI,,179200,2,-7800,-4.17,187400,191000,179200,762743,139907734600,19754755033000,109142293,STK
003670,KR7003670007,포스코퓨처엠,KOSPI,,222000,1,1500,0.68,225000,225000,215500,501074,110583311500,19568168400000,88946220,STK
011200,KR7011200003,HMM,KOSPI,,20400,1,250,1.24,20250,20650,20100,1602934,32713037200,19242054588000,943237970,STK
096770,KR7096770003,SK이노베이션,KOSPI,,112300,2,-4300,-3.69,117700,117700,112300,582960,66039404750,19170586159200,169052788,STK
034730,KR7034730002,SK,KOSPI,,261500,2,-3500,-1.32,269500,272000,261500,208473,55154674500,19068210889000,72502703,STK
138040,KR7138040001,메리츠금융지주,KOSPI,,108500,2,-600,-0.55,109500,110600,108500,281829,30729808900,19064128902400,175221773,STK
298040,KR7298040007,효성중공업,KOSPI,,1978000,1,33000,1.7,1988000,2080000,1965000,97948,197671833500,18406657752000,9324548,STK
247540,KR7247540008,에코프로비엠,KOSDAQ GLOBAL,우량기업부,173800,2,-5700,-3.18,181500,181900,172500,848007,148184463900,16929412646400,97801344,KSQ
024110,KR7024110009,기업은행,KOSPI,,20650,2,-50,-0.24,20900,21000,20650,1808147,37462469525,16586458075200,797425869,STK
033780,KR7033780008,KT&G,KOSPI,,141600,2,-100,-0.07,142200,142300,139100,520200,73108211700,16552123293500,117976645,STK
267250,KR7267250009,HD현대,KOSPI,,203000,2,-4000,-1.93,209000,210500,203000,155426,31752429250,16154085882500,78993085,STK
066570,KR7066570003,LG전자,KOSPI,,94700,1,200,0.21,95900,96800,94700,785334,74896184800,15523072681100,162886387,STK
086520,KR7086520004,에코프로,KOSDAQ GLOBAL,중견기업부,112800,2,-4000,-3.42,117500,118200,112500,3927391,449222571450,15397015636800,135776152,KSQ
010120,KR7010120004,LS ELECTRIC,KOSPI,,497000,2,-4000,-0.8,511000,522000,497000,181252,91731256000,15060000000000,30000000,STK
0126Z0,KR70126Z0002,삼성에피스홀딩스,KOSPI,,569000,1,4000,0.71,572000,606000,563000,1264255,739305914500,14208220979000,24883049,STK
000150,KR7000150003,두산,KOSPI,,848000,2,-36000,-4.07,888000,888000,848000,119173,102694344500,13845728925000,16193835,STK
086280,KR7086280005,현대글로비스,KOSPI,,182600,1,1800,1.0,182100,183000,177700,316114,57177820250,13567500000000,75000000,STK
018260,KR7018260000,삼성에스디에스,KOSPI,,174400,1,900,0.52,174900,176200,173300,151322,26427879500,13510163880000,77377800,STK
030200,KR7030200000,KT,KOSPI,,51300,2,-500,-0.97,52200,53100,51300,815584,42369947616,13357149305000,252021685,STK
003550,KR7003550001,LG,KOSPI,,81700,2,-800,-0.97,83300,83300,81600,329912,27073745600,12630747811500,154221585,STK
352820,KR7352820005,하이브,KOSPI,,294500,2,-4500,-1.51,301500,301500,294500,175728,52065856250,12598336904000,42561949,STK
006800,KR7006800007,미래에셋증권,KOSPI,,21400,3,0,0.0,21650,22100,21350,3908120,84766328875,12204771131200,570316408,STK
259960,KR7259960003,크래프톤,KOSPI,,241500,2,-6000,-2.42,249500,249500,241500,112519,27318466250,11518681383000,47401981,STK
017670,KR7017670001,SK텔레콤,KOSPI,,53400,2,-200,-0.37,53800,53900,53400,697546,37322608650,11512746840800,214790053,STK
042700,KR7042700005,한미반도체,KOSPI,,121000,2,-100,-0.08,121600,127900,119200,1619725,198517115850,11427932780000,95312200,STK
007660,KR7007660004,이수페타시스,KOSPI,,148200,1,300,0.2,148200,156600,146700,3492743,525125009600,10982019162400,73409219,STK
298380,KR7298380007,에이비엘바이오,KOSDAQ,기술성장기업부,196300,2,-6700,-3.3,202500,204000,194600,896784,177978454600,10832094922500,55125165,KSQ
047810,KR7047810007,한국항공우주,KOSPI,,109600,1,500,0.46,109700,112100,108900,561344,61880774800,10780746834200,97475107,STK
326030,KR7326030004,SK바이오팜,KOSPI,,135700,2,-400,-0.29,137400,139100,135300,260187,35614331850,10650602000000,78313250,STK
323410,KR7323410001,카카오뱅크,KOSPI,,21450,2,-50,-0.23,21650,21700,21400,820737,17644551600,10279143917350,476990437,STK
003230,KR7003230000,삼양식품,KOSPI,,1276000,2,-16000,-1.24,1299000,1299000,1263000,59452,75999772500,9604594125000,7533015,STK
278470,KR7278470000,에이피알,KOSPI,,253500,1,1500,0.6,255000,261500,252000,276034,70475077250,9526101697500,37430655,STK
047050,KR7047050000,포스코인터내셔널,KOSPI,,53600,2,-400,-0.74,54700,54700,53100,776931,41762803650,9517422830800,175922788,STK
000100,KR7000100008,유한양행,KOSPI,,116000,1,100,0.09,116500,117500,115800,424947,49504043300,9292332379400,79968437,STK
010950,KR7010950004,S-Oil,KOSPI,,80600,2,-1100,-1.35,82300,82700,80300,229338,18595309500,9130464431200,112582792,STK
277810,KR7277810008,레인보우로보틱스,KOSDAQ,기술성장기업부,470000,2,-1500,-0.32,474000,486500,463500,274373,130464140750,9108233331000,19399858,KSQ
272210,KR7272210006,한화시스템,KOSPI,,48050,1,550,1.16,47850,48200,46850,916529,43571850100,8992562916400,188919389,STK
443060,KR7443060009,HD현대마린솔루션,KOSPI,,201000,1,3200,1.62,199800,202500,196100,264919,53092740800,8965842000000,44829210,STK
010620,KR7010620003,HD현대미포,KOSPI,,223000,0,0,0.0,0,0,0,0,0,8907099227000,39942149,STK
071050,KR7071050009,한국금융지주,KOSPI,,157000,2,-3600,-2.24,162200,163300,157000,407403,64518526500,8804706736000,55725992,STK
005830,KR7005830005,DB손해보험,KOSPI,,120100,1,200,0.17,120900,120900,118400,276951,33221403200,8488920000000,70800000,STK
307950,KR7307950006,현대오토에버,KOSPI,,299000,1,4500,1.53,296000,306000,290500,494842,147837121750,8254618582000,27423982,STK
079550,KR7079550000,LIG넥스원,KOSPI,,372500,2,-10000,-2.61,386000,388000,372000,153312,57423244250,8250000000000,22000000,STK
000720,KR7000720003,현대건설,KOSPI,,73600,1,1800,2.51,71800,77200,71600,3167391,237055511050,8240326610000,111355765,STK
003490,KR7003490000,대한항공,KOSPI,,22100,2,-100,-0.45,22400,22400,22050,1238545,27441002575,8156087641150,368220661,STK
180640,KR7180640005,한진칼,KOSPI,,110600,2,-300,-0.27,112000,112200,109100,125486,13887274350,7457346564300,66762279,STK
039490,KR7039490008,키움증권,KOSPI,,277500,2,-3500,-1.25,284500,287500,277500,96066,26928382250,7443016000000,26582200,STK
161390,KR7161390000,한국타이어앤테크놀로지,KOSPI,,59300,2,-700,-1.17,60500,60500,58600,499676,29546724150,7321016577900,123875069,STK
005940,KR7005940002,NH투자증권,KOSPI,,20700,2,-50,-0.24,20950,21100,20350,2038660,41937395825,7305059564500,356344369,STK
090430,KR7090430000,아모레퍼시픽,KOSPI,,121800,1,500,0.41,122200,123100,120800,226966,27650412700,7153664425700,58492759,STK
005387,KR7005382007,현대차2우B,KOSPI,,204500,2,-4000,-1.92,210000,210500,203000,129331,26620464500,7150123685000,34963930,STK
016360,KR7016360000,삼성증권,KOSPI,,78100,2,-1200,-1.51,80000,80300,78100,443673,34878594450,7010050000000,89300000,STK
011070,KR7011070000,LG이노텍,KOSPI,,294500,1,5500,1.9,294000,299500,290500,186518,55322080000,6969963011500,23667107,STK
141080,KR7141080002,리가켐바이오,KOSDAQ GLOBAL,기술성장기업부,187300,2,-1600,-0.85,191000,191500,187000,290585,54784689200,6849794239800,36610338,KSQ
950160,KR8840120008,코오롱티슈진,KOSDAQ,외국기업(소속부없음),81500,2,-1100,-1.33,84000,84000,80400,327586,26766770450,6782533097500,83221265,KSQ
029780,KR7029780004,삼성카드,KOSPI,,55500,1,2200,4.13,53800,56300,53300,292329,16205647050,6488097896000,115858891,STK
028300,KR7028300002,HLB,KOSDAQ,중견기업부,48300,2,-700,-1.43,48850,49000,48100,572283,27683055750,6401468490500,131853110,KSQ
087010,KR7087010005,펩트론,KOSDAQ,기술성장기업부,272500,2,-8000,-2.85,283000,283000,271500,209702,57730660750,6388953900000,23317350,KSQ
377300,KR7377300009,카카오페이,KOSPI,,47150,2,-650,-1.36,47800,48100,47000,850811,40176218750,6365080906200,135139722,STK
032640,KR7032640005,LG유플러스,KOSPI,,14940,2,-220,-1.45,15300,15300,14670,2818927,41887683005,6361459654000,429828355,STK
064400,KR7064400005,LG씨엔에스,KOSPI,,65400,1,900,1.4,64900,66200,63600,2805404,182586057700,6326652404400,96885948,STK
034220,KR7034220004,LG디스플레이,KOSPI,,12480,2,-200,-1.58,12800,12820,12450,1946672,24417258785,6250000000000,500000000,STK
021240,KR7021240007,코웨이,KOSPI,,85900,1,1300,1.54,85200,87300,84000,365043,31335812400,6176994524700,71909133,STK
000880,KR7000880005,한화,KOSPI,,82000,2,-1000,-1.2,83800,84800,81600,218647,18030129800,6154112143500,74958735,STK
006260,KR7006260004,LS,KOSPI,,183400,2,-1900,-1.03,187100,189100,182700,136945,25322627500,5842310000000,31700000,STK
128940,KR7128940004,한미약품,KOSPI,,450000,1,16500,3.81,438000,464000,435500,218220,98604792750,5739323968000,12810991,STK
241560,KR7241560002,두산밥캣,KOSPI,,59500,1,600,1.02,59700,60800,59300,354377,21217152850,5713021474000,95856065,STK
088980,KR7088980008,맥쿼리인프라,KOSPI,,11630,1,10,0.09,11620,11690,11570,1870622,21781583380,5569862778590,478921993,STK
000250,KR7000250001,삼천당제약,KOSDAQ,중견기업부,237000,2,-2500,-1.04,239000,240000,234000,184586,43723582250,5512505920000,23457472,KSQ
454910,KR7454910001,두산로보틱스,KOSPI,,83500,2,-100,-0.12,84800,85300,81800,499729,41796129600,5360612346000,64819980,STK
001040,KR7001040005,CJ,KOSPI,,182200,1,2100,1.17,182200,184900,180200,109227,19947870300,5324802135000,29176998,STK
078930,KR7078930005,GS,KOSPI,,56100,2,-400,-0.71,57000,57000,54800,785624,43735521250,5166095016800,92915378,STK
066970,KR7066970005,엘앤에프,KOSPI,,127000,2,-100,-0.08,130100,130300,125200,510880,64935341000,5076477696000,39659982,STK
058470,KR7058470006,리노공업,KOSDAQ GLOBAL,우량기업부,64500,1,700,1.1,64300,65200,63900,511397,33000787300,4923285510000,76211850,KSQ
028050,KR7028050003,삼성E&A,KOSPI,,24750,1,50,0.2,24750,25100,24700,838227,20830211425,4860800000000,196000000,STK
138930,KR7138930003,BNK금융지주,KOSPI,,15140,2,-180,-1.17,15470,15500,15140,997674,15222461620,4801272101580,314425154,STK
005385,KR7005381009,현대차우,KOSPI,,202500,2,-4000,-1.94,206500,209500,202000,113146,23125695000,4726544400000,23340960,STK
009830,KR7009830001,한화솔루션,KOSPI,,27550,1,350,1.29,27700,27800,27250,831799,22879419725,4718450113200,171892536,STK
175330,KR7175330000,JB금융지주,KOSPI,,24350,2,-200,-0.81,24800,24850,24350,488259,11958218000,4652172724500,189884601,STK
062040,KR7062040001,산일전기,KOSPI,,149000,1,600,0.4,151000,154300,147100,854370,128177494950,4533290280000,30445200,STK
108490,KR7108490004,로보티즈,KOSDAQ,기술성장기업부,301500,1,17500,6.16,286500,315500,284000,2004283,604380299750,4385596488000,14570088,KSQ
450080,KR7450080007,에코프로머티,KOSPI,,61800,2,-2300,-3.59,64800,64900,61600,343750,21507939450,4381698623400,70558754,STK
011790,KR7011790003,SKC,KOSPI,,113400,2,-500,-0.44,115800,116700,113000,247233,28264005350,4282904503800,37868298,STK
251270,KR7251270005,넷마블,KOSPI,,49150,2,-250,-0.51,49450,50200,49000,294492,14570682050,4263293699200,85953502,STK
036570,KR7036570000,엔씨소프트,KOSPI,,193100,2,-7400,-3.69,201500,202000,192600,286069,55624321650,4183849072400,21544022,STK
001440,KR7001440007,대한전선,KOSPI,,22300,2,-200,-0.89,22550,23200,22250,2703125,61433071200,4167097155000,186447300,STK
022100,KR7022100002,포스코DX,KOSPI,,27250,2,-350,-1.27,27850,27950,26900,659779,18004136750,4150548101700,152034729,STK
004020,KR7004020004,현대제철,KOSPI,,30550,2,-400,-1.29,31250,31700,30550,499531,15406248200,4096785599500,133445785,STK
302440,KR7302440003,SK바이오사이언스,KOSPI,,52600,1,300,0.57,53200,53800,52000,154892,8155119600,4090869369000,78369145,STK
214450,KR7214450009,파마리서치,KOSDAQ GLOBAL,우량기업부,384500,2,-1500,-0.39,390000,404500,383500,164003,64462535750,4031183424000,10389648,KSQ
271560,KR7271560005,오리온,KOSPI,,101600,1,100,0.1,102000,103100,101100,166359,16966358950,4016871011200,39536132,STK
051900,KR7051900009,LG생활건강,KOSPI,,259000,2,-4000,-1.52,264000,264500,258000,118682,30848902500,3970988110500,15302459,STK
310210,KR7310210000,보로노이,KOSDAQ,기술성장기업부,215500,2,-5000,-2.27,222000,224000,212000,177432,38361885500,3963717575500,18393121,KSQ
214370,KR7214370009,케어젠,KOSDAQ,벤처기업부,73300,1,100,0.14,73900,74800,72300,129113,9493794200,3953424000000,53715000,KSQ
111770,KR7111770004,영원무역,KOSPI,,89100,1,500,0.56,89400,91300,88600,127769,11450893000,3948151798800,44311468,STK
214150,KR7214150005,클래시스,KOSDAQ GLOBAL,우량기업부,59800,1,3100,5.47,57000,60000,57000,429721,25458253200,3897586710500,65505659,KSQ
347850,KR7347850000,디앤디파마텍,KOSDAQ,기술성장기업부,88300,1,1000,1.15,88200,93400,87300,2739575,245580568550,3869192091600,43425276,KSQ
052690,KR7052690005,한전기술,KOSPI,,101300,1,5100,5.3,97100,102000,96900,556471,55924759500,3856398000000,38220000,STK
036460,KR7036460004,한국가스공사,KOSPI,,41400,3,0,0.0,41700,41700,41100,495011,20471897800,3821758200000,92313000,STK
002380,KR7002380004,KCC,KOSPI,,425000,2,-2000,-0.47,431500,440500,425000,40477,17429555250,3812296059000,8886471,STK
035250,KR7035250000,강원랜드,KOSPI,,17750,2,-20,-0.11,17850,17850,17710,480462,8537688670,3810280305000,213940500,STK
082740,KR7082740002,한화엔진,KOSPI,,45150,2,-350,-0.77,45700,46150,44100,2138175,96611583675,3805189675200,83447142,STK
017800,KR7017800004,현대엘리베이터,KOSPI,,91200,2,-1800,-1.94,93300,93300,91200,324755,29782847900,3600408658500,39092385,STK
031210,KR7031210008,서울보증보험,KOSPI,,50500,1,700,1.41,50200,50800,49850,61207,3086597500,3525990699000,69821598,STK
039030,KR7039030002,이오테크닉스,KOSDAQ GLOBAL,우량기업부,271000,3,0,0.0,272000,273500,265500,107369,28934757000,3307799175000,12319550,KSQ
011780,KR7011780004,금호석유화학,KOSPI,,121300,2,-200,-0.16,122700,123300,121300,87815,10706211250,3165459827200,26031742,STK
042670,KR7042670000,HD현대인프라코어,KOSPI,,16430,1,730,4.65,15850,16910,15810,3272591,54220584935,3127376501280,188851238,STK
011170,KR7011170008,롯데케미칼,KOSPI,,72400,2,-1200,-1.63,74800,74900,72400,117614,8595954100,3126883128900,42775419,STK
097950,KR7097950000,CJ제일제당,KOSPI,,205500,2,-1500,-0.72,208500,208500,205000,67597,13932022500,3101162316000,15054186,STK
240810,KR7240810002,원익IPS,KOSDAQ GLOBAL,우량기업부,61600,2,-1500,-2.38,64400,64500,61200,472760,29399324350,3033385081800,49083901,KSQ
0009K0,KR70009K0001,에임드바이오,KOSDAQ,기술성장기업부,46700,1,100,0.21,47100,48650,46150,1684246,79776625300,2999300526750,64156161,KSQ
026960,KR7026960005,동서,KOSPI,,29050,1,1800,6.61,27450,30950,27100,843197,24627540925,2956105000000,99700000,STK
012750,KR7012750006,에스원,KOSPI,,76400,1,1100,1.46,75700,78800,74800,198171,15258392000,2929736623800,37999178,STK
071970,KR7071970008,HD현대마린엔진,KOSPI,,86400,2,-300,-0.35,87600,88000,85400,142634,12348242400,2927425018500,33921495,STK
439260,KR7439260001,대한조선,KOSPI,,76300,1,1300,1.73,75400,77200,74000,716572,54593536200,2924147080800,38526312,STK
004990,KR7004990008,롯데지주,KOSPI,,27650,2,-50,-0.18,27900,28350,27650,313836,8739770725,2921722250450,104909237,STK
000990,KR7000990002,DB하이텍,KOSPI,,66500,1,300,0.45,66800,67200,65900,395807,26326116600,2893055102000,43504588,STK
103140,KR7103140000,풍산,KOSPI,,101300,2,-2000,-1.94,104700,104700,101300,115129,11759984400,2850069072600,28024278,STK
145020,KR7145020004,휴젤,KOSDAQ GLOBAL,우량기업부,227500,1,2000,0.89,226500,239500,224500,59365,13681247000,2817623557000,12304033,KSQ
226950,KR7226950004,올릭스,KOSDAQ,기술성장기업부,140200,1,7500,5.65,134900,145600,132500,1972347,277854485600,2812046663400,20114783,KSQ
009970,KR7009970005,영원무역홀딩스,KOSPI,,204500,1,12600,6.57,195000,207000,192400,57924,11730520150,2787592440500,13499237,STK
383220,KR7383220001,F&F,KOSPI,,72500,1,500,0.69,72700,72800,70800,117311,8465654050,2769601522500,38307075,STK
012510,KR7012510004,더존비즈온,KOSPI,,90000,2,-2300,-2.49,92900,92900,89800,190083,17200748800,2743565395200,30382784,STK
068760,KR7068760008,셀트리온제약,KOSDAQ,우량기업부,62700,1,700,1.13,62400,64200,62100,201362,12651084450,2730120000000,43681920,KSQ
103590,KR7103590006,일진전기,KOSPI,,56800,1,2100,3.84,55300,62500,55300,3543204,211341043450,2713298691000,47685390,STK
237690,KR7237690003,에스티팜,KOSDAQ GLOBAL,우량기업부,129300,1,4300,3.44,127300,130700,125000,325774,42033717900,2676727741200,20701684,KSQ
009420,KR7009420001,한올바이오파마,KOSPI,,51500,1,1400,2.79,50600,52000,50100,644976,32940003000,2664272538000,52240638,STK
088350,KR7088350004,한화생명,KOSPI,,3015,1,10,0.33,3015,3060,3015,2083929,6318316143,2644673850000,868530000,STK
030000,KR7030000004,제일기획,KOSPI,,22750,2,-50,-0.22,22950,23050,22650,631657,14423027275,2634444052500,115041225,STK
000240,KR7000240002,한국앤컴퍼니,KOSPI,,27450,2,-50,-0.18,27750,28050,27400,248557,6889266850,2624959386000,94935240,STK
004370,KR7004370003,농심,KOSPI,,430500,2,-4500,-1.03,437000,437000,428750,23509,10133804250,2615536060000,6082642,STK
001450,KR7001450006,현대해상,KOSPI,,29000,3,0,0.0,29250,29600,29000,376985,11017697025,2614950000000,89400000,STK
014680,KR7014680003,한솔케미칼,KOSPI,,230500,2,-3500,-1.5,236000,237000,227500,42635,9816671500,2612762447500,11335195,STK
081660,KR7081660003,미스토홀딩스,KOSPI,,42950,2,-850,-1.94,44000,44000,42650,197314,8525690375,2587125868950,60095839,STK
008930,KR7008930000,한미사이언스,KOSPI,,37250,1,300,0.81,37300,38500,37100,146090,5489571275,2561263547500,68391550,STK
257720,KR7257720003,실리콘투,KOSDAQ,우량기업부,41200,2,-700,-1.67,42000,42450,41200,525603,21817626800,2526399800400,61171908,KSQ
018880,KR7018880005,한온시스템,KOSPI,,3690,2,-20,-0.54,3750,3750,3615,3820097,14059225221,2518209067920,678762552,STK
204320,KR7204320006,HL만도,KOSPI,,52200,2,-2800,-5.09,55200,55400,50700,2842399,150500236100,2465248800000,46957120,STK
004170,KR7004170007,신세계,KOSPI,,256000,1,10500,4.28,248500,260000,247000,126490,32445226250,2464343745500,9645181,STK
361610,KR7361610009,SK아이이테크놀로지,KOSPI,,30100,1,400,1.35,30000,30250,29300,405421,12163266050,2457702355000,81787100,STK
403870,KR7403870009,HPSP,KOSDAQ GLOBAL,우량기업부,29450,2,-200,-0.67,30050,30150,29050,531992,15648894425,2454857899200,83498568,KSQ
051600,KR7051600005,한전KPS,KOSPI,,53800,1,200,0.37,54100,54900,53600,363997,19762034500,2443500000000,45000000,STK
353200,KR7353200009,대덕전자,KOSPI,,48050,2,-1450,-2.93,49650,51100,47700,1493396,73328506625,2396720862500,49416925,STK
263750,KR7263750002,펄어비스,KOSDAQ GLOBAL,우량기업부,37300,2,-400,-1.06,37900,38150,36950,261836,9757682475,2393232598750,64247855,KSQ
035900,KR7035900000,JYP Ent.,KOSDAQ GLOBAL,우량기업부,67600,2,-300,-0.44,68000,68200,67000,241678,16295915350,2384230213200,35532492,KSQ
041510,KR7041510009,에스엠,KOSDAQ GLOBAL,우량기업부,102200,2,-1600,-1.54,103600,103900,101500,102229,10450826050,2339837318000,22894690,KSQ
001720,KR7001720002,신영증권,KOSPI,,140600,1,100,0.07,141200,144200,140600,14188,2020104200,2326260000000,16440000,STK
030530,KR7030530000,원익홀딩스,KOSDAQ,중견기업부,30000,2,-750,-2.44,31100,32300,30000,5351107,165201286575,2324863228100,77237981,KSQ
095340,KR7095340006,ISC,KOSDAQ GLOBAL,우량기업부,108800,1,900,0.83,109000,111300,107000,143799,15633230800,2306239910400,21197058,KSQ
039200,KR7039200001,오스코텍,KOSDAQ,벤처기업부,59900,1,300,0.5,60300,61600,58600,474561,28609469950,2287838924800,38258176,KSQ
139130,KR7139130009,iM금융지주,KOSPI,,13990,2,-240,-1.69,14350,14360,13990,569631,8026444745,2280109150620,162054666,STK
004800,KR7004800009,효성,KOSPI,,136200,1,1400,1.04,135900,140000,135200,33154,4550256500,2278369392700,16740407,STK
140410,KR7140410002,메지온,KOSDAQ,중견기업부,74300,2,-1500,-1.98,77100,78400,73900,184355,13856306850,2256038810200,30363914,KSQ
462870,KR7462870007,시프트업,KOSPI,,38250,2,-200,-0.52,38700,38700,38000,43010,1643372950,2255275080000,58961440,STK
003690,KR7003690005,코리안리,KOSPI,,11440,1,110,0.97,11390,11620,11240,396435,4548178105,2250182908050,194821031,STK
069620,KR7069620003,대웅제약,KOSPI,,193000,1,5700,3.04,190200,199400,190000,108735,21245163350,2246636892500,11586575,STK
018670,KR7018670000,SK가스,KOSPI,,239500,1,3000,1.27,238000,242000,236500,14629,3493018250,2204990694000,9245244,STK
139480,KR7139480008,이마트,KOSPI,,79100,2,-1500,-1.86,81100,81100,78300,268686,21316357300,2191108028600,27595819,STK
069960,KR7069960003,현대백화점,KOSPI,,95500,1,5000,5.52,91700,97000,90500,201836,19043200550,2181417573200,22628813,STK
028670,KR7028670008,팬오션,KOSPI,,4050,1,55,1.38,4010,4120,3985,2360013,9565408482,2173025066280,534569512,STK
000120,KR7000120006,CJ대한통운,KOSPI,,93600,2,-1100,-1.16,95700,96100,91100,148506,13871579850,2155766508000,22812344,STK
002790,KR7002790004,아모레퍼시픽홀딩스,KOSPI,,26900,1,200,0.75,27000,27500,26600,239149,6450449900,2145370860000,79458180,STK
000155,KR7000151001,두산우,KOSPI,,520000,2,-13000,-2.44,534000,537000,518000,16774,8786812500,2078160240000,3996462,STK
023530,KR7023530009,롯데쇼핑,KOSPI,,72500,1,1000,1.4,72200,73000,71100,68757,4970375900,2056592488500,28288755,STK
357780,KR7357780006,솔브레인,KOSDAQ GLOBAL,우량기업부,262500,2,-4500,-1.69,269000,270000,262000,30677,8091907250,2041873575000,7778566,KSQ
005850,KR7005850003,에스엘,KOSPI,,43500,2,-450,-1.02,44250,44400,42900,405824,17756411375,2039090028000,46448520,STK
097230,KR7097230007,HJ중공업,KOSPI,,22050,2,-400,-1.78,22700,23100,22050,973576,21969960325,2009071404000,90295344,STK
336260,KR7336260005,두산퓨얼셀,KOSPI,,30350,2,-100,-0.33,30650,31000,30250,555695,17007484850,1991009270400,65493726,STK
222800,KR7222800005,심텍,KOSDAQ GLOBAL,우량기업부,54100,2,-800,-1.46,55300,55500,53100,639088,34423644600,1985167548800,37036708,KSQ
489790,KR7489790006,한화비전,KOSPI,,38350,2,-2150,-5.31,40650,40850,38350,2388762,92572678475,1951376273500,50488390,STK
475830,KR7475830006,오름테라퓨틱,KOSDAQ,기술성장기업부,92300,1,6600,7.7,89500,92300,87100,332620,29839770850,1942353696600,21158537,KSQ
457190,KR7457190007,이수스페셜티케미컬,KOSPI,,63900,2,-3000,-4.48,67200,67300,62700,854678,54705689600,1933329920000,30208280,STK
005290,KR7005290002,동진쎄미켐,KOSDAQ,우량기업부,37900,2,-450,-1.17,38600,38800,37250,639748,24172735025,1933184974400,51414494,KSQ
020150,KR7020150009,롯데에너지머티리얼즈,KOSPI,,36750,3,0,0.0,37100,38400,36550,230557,8594488300,1929667311550,52365463,STK
112610,KR7112610001,씨에스윈드,KOSPI,,45150,1,1100,2.5,44700,46150,43550,729110,33045968825,1923015976800,42171403,STK
160190,KR7160190005,하이젠알앤엠,KOSDAQ,중견기업부,62000,2,-1500,-2.36,63300,63700,60300,240237,14941139350,1918144800000,30888000,KSQ
282330,KR7282330000,BGF리테일,KOSPI,,109600,2,-100,-0.09,110700,110700,108900,40554,4452351050,1899501269400,17283906,STK
010060,KR7010060002,OCI홀딩스,KOSPI,,99900,1,300,0.3,101000,102400,99000,110586,11098565450,1874491292800,18670232,STK
006040,KR7006040000,동원산업,KOSPI,,42500,1,1200,2.91,41550,42850,41400,245717,10401249050,1865252408500,44147986,STK
098460,KR7098460009,고영,KOSDAQ,우량기업부,27250,1,300,1.11,27050,28650,26700,9144098,253343292750,1857111122750,68654755,KSQ
483650,KR7483650008,달바글로벌,KOSPI,,149500,1,6000,4.18,142900,150500,142000,202970,30004359150,1847884075500,12343915,STK
007070,KR7007070006,GS리테일,KOSPI,,21900,2,-350,-1.57,22450,22600,21800,206513,4553103550,1843543500750,83607415,STK
032350,KR7032350001,롯데관광개발,KOSPI,,23100,1,1050,4.76,22300,23250,22100,896506,20480388075,1841339054600,79539484,STK
192820,KR7192820009,코스맥스,KOSPI,,162600,1,300,0.18,163900,165400,161000,79708,12965223750,1839755408900,11349509,STK
267270,KR7267270007,HD현대건설기계,KOSPI,,105600,1,5800,5.81,100300,107600,100100,455414,48181083800,1834699694100,17357613,STK
008770,KR7008770000,호텔신라,KOSPI,,45700,1,200,0.44,45700,46100,45450,155927,7138031125,1805413566000,39248121,STK
006280,KR7006280002,녹십자,KOSPI,,151100,1,16000,11.84,141100,154700,141000,298138,44483223050,1776353776000,11686538,STK
011210,KR7011210002,현대위아,KOSPI,,64700,2,-1100,-1.67,66200,66300,64400,194936,12689492650,1767680395000,27195083,STK
084370,KR7084370006,유진테크,KOSDAQ,우량기업부,77100,2,-500,-0.64,78000,79500,76100,166674,12847400500,1757660421400,22916042,KSQ
065350,KR7065350001,신성델타테크,KOSDAQ,우량기업부,63600,3,0,0.0,63500,64700,62300,211372,13403518200,1747979092800,27483948,KSQ
073240,KR7073240004,금호타이어,KOSPI,,6030,2,-60,-0.99,6150,6150,5960,629461,3792954475,1746542544960,287260287,STK
064760,KR7064760002,티씨케이,KOSDAQ GLOBAL,우량기업부,146400,2,-700,-0.48,149700,149700,144700,52656,7702117000,1709220000000,11675000,KSQ
005070,KR7005070008,코스모신소재,KOSPI,,52000,2,-1500,-2.8,54200,54300,51700,256946,13524599650,1697061463200,32510756,STK
006360,KR7006360002,GS건설,KOSPI,,19630,1,380,1.97,19410,20150,19240,910439,17985120765,1691946057300,85581490,STK
020560,KR7020560009,아시아나항공,KOSPI,,8170,2,-30,-0.37,8260,8260,8170,45184,370449000,1689123830200,205990711,STK
395400,KR7395400005,SK리츠,KOSPI,,5680,2,-80,-1.39,5760,5850,5580,1130340,6415429660,1685929755920,296818619,STK
023590,KR7023590003,다우기술,KOSPI,,37000,1,650,1.79,36700,37800,36200,189905,7067241425,1675768144950,44866617,STK
375500,KR7375500006,DL이앤씨,KOSPI,,42850,1,650,1.54,42300,43900,41650,459052,19666309675,1669629832450,38693623,STK
034230,KR7034230003,파라다이스,KOSPI,,17900,1,210,1.19,17790,18170,17570,2180785,39022373840,1663300062000,92405559,STK
083650,KR7083650002,비에이치아이,KOSDAQ,중견기업부,52700,1,900,1.74,52300,54100,52100,2082070,110521099350,1646240750000,30944375,KSQ
290650,KR7290650001,엘앤씨바이오,KOSDAQ,우량기업부,66300,2,-900,-1.34,69800,69900,66000,684015,46520361800,1634691640000,24618850,KSQ
058610,KR7058610007,에스피지,KOSDAQ,우량기업부,73100,1,200,0.27,71500,74900,69700,1037140,75359512750,1630035960000,22177360,KSQ
067310,KR7067310003,하나마이크론,KOSDAQ,중견기업부,24500,2,-750,-2.97,25500,25600,24450,1106715,27544501125,1629583607050,66378151,KSQ
445680,KR7445680002,큐리옥스바이오시스템즈,KOSDAQ,기술성장기업부,95500,1,2500,2.69,92800,96000,92200,112984,10691406550,1628299707300,17086041,KSQ
007340,KR7007340003,DN오토모티브,KOSPI,,27550,2,-50,-0.18,27550,28100,27050,243861,6746055300,1626602047000,58510865,STK
323280,KR7323280008,태성,KOSDAQ,중견기업부,53300,1,3500,7.03,50400,54000,49700,911999,47932504250,1613488617000,30500730,KSQ
089030,KR7089030001,테크윙,KOSDAQ,중견기업부,43250,2,-1150,-2.59,44900,44950,43100,757714,32926260325,1606275510750,37053645,KSQ
085620,KR7085620003,미래에셋생명,KOSPI,,8860,2,-350,-3.8,9320,9320,8860,114109,1028699510,1582524729660,177016189,STK
437730,KR7437730005,삼현,KOSDAQ,기술성장기업부,49800,1,50,0.1,49750,50500,48550,672937,33375091000,1580622214950,31707567,KSQ
007310,KR7007310006,오뚜기,KOSPI,,390000,1,1000,0.26,390500,394000,388500,7906,3091104750,1563053700000,4007830,STK
060370,KR7060370004,LS마린솔루션,KOSDAQ,우량기업부,29400,2,-600,-2.0,30350,30350,28550,883129,25957552900,1548882021100,52238854,KSQ
017960,KR7017960006,한국카본,KOSPI,,29400,1,250,0.86,29900,30100,29250,401329,11914279425,1539085601800,51908452,STK
047040,KR7047040001,대우건설,KOSPI,,3725,1,100,2.76,3630,3760,3615,2386365,8818974207,1533647534220,415622638,STK
178320,KR7178320008,서진시스템,KOSDAQ,벤처기업부,26800,3,0,0.0,27850,27850,26800,540656,14712240625,1519618023000,56282149,KSQ
140860,KR7140860008,파크시스템스,KOSDAQ GLOBAL,우량기업부,217000,2,-1500,-0.69,219500,220000,214000,41528,8970312750,1514737270500,6996477,KSQ
003570,KR7003570009,SNT다이내믹스,KOSPI,,45000,2,-1200,-2.6,47300,47500,45000,107338,4897798125,1506347174100,33252697,STK
161890,KR7161890009,한국콜마,KOSPI,,63800,2,-600,-0.93,64700,64900,63600,169690,10864446250,1503643404900,23605077,STK
077970,KR7077970002,STX엔진,KOSPI,,37050,2,-250,-0.67,37150,38100,37000,373584,13960532875,1497522749900,40148063,STK
458870,KR7458870003,씨어스테크놀로지,KOSDAQ,기술성장기업부,117700,1,4400,3.88,114800,124900,113700,364999,43724815500,1497107016000,12665880,KSQ
348370,KR7348370008,엔켐,KOSDAQ,중견기업부,68100,2,-2000,-2.85,70100,70200,67800,168126,11511919050,1486716493500,21767445,KSQ
051915,KR7051911006,LG화학우,KOSPI,,192900,2,-2900,-1.48,196300,198600,192500,32751,6373318800,1483938400000,7688800,STK
300720,KR7300720000,한일시멘트,KOSPI,,20200,1,1580,8.49,18790,20550,18510,979983,19469737305,1481935961350,73545209,STK
195940,KR7195940002,HK이노엔,KOSDAQ GLOBAL,우량기업부,52100,1,400,0.77,52200,52700,51700,238679,12459393850,1475987321100,28329891,KSQ
003090,KR7003090008,대웅,KOSPI,,24850,1,500,2.05,24600,25400,24550,195352,4904913400,1447735302000,58141980,STK
293490,KR7293490009,카카오게임즈,KOSDAQ GLOBAL,중견기업부,15960,1,140,0.88,15830,15960,15640,394264,6256705485,1419531062910,89786911,KSQ
007390,KR7007390008,네이처셀,KOSDAQ,중견기업부,21900,2,-250,-1.13,22250,22400,21700,364972,8029031125,1411127726400,64435056,KSQ
294870,KR7294870001,HDC현대산업개발,KOSPI,,21200,1,1150,5.74,20350,21500,20100,667773,14101988675,1397235396000,65907330,STK
00680K,KR700680K019,미래에셋증권2우B,KOSPI,,9950,2,-10,-0.1,10060,10140,9880,237568,2375713300,1368125000000,137500000,STK
035760,KR7035760008,CJ ENM,KOSDAQ GLOBAL,중견기업부,61400,2,-300,-0.49,61700,62000,61000,56548,3476480950,1353028801800,21929154,KSQ
036930,KR7036930006,주성엔지니어링,KOSDAQ GLOBAL,우량기업부,28700,2,-50,-0.17,28850,28950,28300,288505,8251169950,1351873980600,47268321,KSQ
003540,KR7003540002,대신증권,KOSPI,,26700,2,-100,-0.37,26900,27150,26500,169877,4547174250,1350572440000,50773400,STK
005300,KR7005300009,롯데칠성,KOSPI,,141800,1,12300,9.5,134400,150000,134400,219727,31681261150,1336159296000,9278884,STK
005440,KR7005440003,현대지에프홀딩스,KOSPI,,8580,1,520,6.45,8140,8750,8080,636403,5454685920,1336099859570,155904301,STK
001800,KR7001800002,오리온홀딩스,KOSPI,,21150,1,850,4.19,20500,21225,20250,295365,6176016425,1321818404200,62645422,STK
096530,KR7096530001,씨젠,KOSDAQ,우량기업부,25100,1,250,1.01,24900,25350,24850,229653,5764075550,1313483749100,52225994,KSQ
000080,KR7000080002,하이트진로,KOSPI,,18720,1,20,0.11,18770,18800,18690,219573,4112291985,1311498525700,70133611,STK
000670,KR7000670000,영풍,KOSPI,,68000,2,-200,-0.29,69300,70100,68000,45578,3130187200,1308928825000,19108450,STK
003380,KR7003380003,하림지주,KOSDAQ GLOBAL,우량기업부,11530,4,2660,29.99,9480,11530,9390,3495578,37254843140,1291424810130,112005621,KSQ
358570,KR7358570000,지아이이노베이션,KOSDAQ,기술성장기업부,20350,1,250,1.24,20600,20750,19990,668165,13595945155,1289394510750,63673803,KSQ
001120,KR7001120005,LX인터내셔널,KOSPI,,33250,1,850,2.62,32550,33650,32200,224362,7434249025,1288770000000,38760000,STK
249420,KR7249420001,일동제약,KOSPI,,40500,1,8000,24.62,33950,42000,33550,23286142,903068852275,1286094943800,31638252,STK
466100,KR7466100005,클로봇,KOSDAQ,기술성장기업부,51400,2,-500,-0.96,52000,52500,49550,4854284,248613815175,1284595944600,24992139,KSQ
082270,KR7082270000,젬백스,KOSDAQ,벤처기업부,29800,2,-1250,-4.03,31100,31250,29300,1357450,40463433825,1254755632800,42390393,KSQ
456160,KR7456160001,지투지바이오,KOSDAQ,기술성장기업부,77100,2,-100,-0.13,78400,80100,76900,877175,68834676350,1253535438600,16258566,KSQ
000500,KR7000500009,가온전선,KOSPI,,75600,1,1200,1.61,74700,78100,74700,61795,4744303000,1250659494000,16543115,STK
120110,KR7120110002,코오롱인더,KOSPI,,45100,2,-1650,-3.53,47250,47550,45100,371452,17067343150,1245238867750,27519091,STK
071320,KR7071320006,지역난방공사,KOSPI,,106300,2,-1800,-1.67,107700,109300,106300,25184,2689531850,1235451984800,11578744,STK
001430,KR7001430008,세아베스틸지주,KOSPI,,34450,2,-500,-1.43,35000,37500,34100,455529,16182935875,1233656893600,35862119,STK
415640,KR7415640002,KB발해인프라,KOSPI,,9990,1,70,0.71,9940,9990,9800,329927,3269226040,1223004569040,122545548,STK
185750,KR7185750007,종근당,KOSPI,,88200,1,1600,1.85,87200,88900,87000,64703,5711473650,1218785474000,13802780,STK
004000,KR7004000006,롯데정밀화학,KOSPI,,46700,2,-700,-1.48,47800,47800,46600,58625,2751820450,1208730000000,25800000,STK
484870,KR7484870001,엠앤씨솔루션,KOSPI,,131400,2,-600,-0.45,133100,134500,129500,21198,2780678550,1204653240000,9153900,STK
085660,KR7085660009,차바이오텍,KOSDAQ,중견기업부,15570,2,-80,-0.51,15700,15800,15340,558543,8681417535,1193776978460,76426183,KSQ
285130,KR7285130001,SK케미칼,KOSPI,,68200,2,-1400,-2.01,70500,70500,68100,68821,4727346050,1186695347600,17298766,STK
204270,KR7204270003,제이앤티씨,KOSDAQ,중견기업부,20400,2,-50,-0.24,21250,21450,20350,406497,8486007325,1185893553000,57848466,KSQ
440110,KR7440110005,파두,KOSDAQ,기술성장기업부,24000,2,-250,-1.03,24650,24850,23550,377414,9018053750,1184366610350,49451633,KSQ
330590,KR7330590001,롯데리츠,KOSPI,,4105,2,-15,-0.36,4060,4105,4020,946187,3852823662,1181882735560,288968884,STK
253450,KR7253450001,스튜디오드래곤,KOSDAQ GLOBAL,우량기업부,39000,1,450,1.17,38600,39100,38050,92209,3574201850,1172281422000,30058498,KSQ
100090,KR7100090000,SK오션플랜트,KOSPI,,18690,1,30,0.16,18800,19130,18350,491621,9149840095,1169590574880,62478129,STK
232140,KR7232140004,와이씨,KOSDAQ,우량기업부,14280,2,-230,-1.59,14690,14690,14120,539385,7739559480,1165864423500,82045350,KSQ
078600,KR7078600004,대주전자재료,KOSDAQ,우량기업부,74600,2,-1600,-2.1,77200,77200,74000,117745,8828763100,1159496415700,15480593,KSQ
000815,KR7000811000,삼성화재우,KOSPI,,378500,1,5000,1.34,374500,378500,372000,8004,2996424000,1154567475000,3099510,STK
089860,KR7089860001,롯데렌탈,KOSPI,,31800,2,-100,-0.31,31800,31850,31350,21004,664740300,1152823069000,36309388,STK
122870,KR7122870009,와이지엔터테인먼트,KOSDAQ,우량기업부,61600,2,-600,-0.96,62500,62700,61200,129032,7961919850,1151368618400,18691049,KSQ
376900,KR7376900007,로킷헬스케어,KOSDAQ,기술성장기업부,73600,1,1000,1.38,73000,76000,72600,311815,23054674550,1149553292600,15661489,KSQ
192080,KR7192080000,더블유게임즈,KOSPI,,53300,1,300,0.57,53400,53800,52800,51033,2719519250,1145731789800,21495906,STK
319400,KR7319400008,현대무벡스,KOSDAQ,우량기업부,10280,2,-330,-3.11,10660,10840,10120,3905816,40890442820,1143831920530,111376039,KSQ
280360,KR7280360009,롯데웰푸드,KOSPI,,122300,1,2000,1.66,120500,124400,119900,35603,4354164500,1132366655800,9304574,STK
137310,KR7137310009,에스디바이오센서,KOSPI,,9270,1,160,1.76,9200,9390,9170,205095,1906436740,1129831666560,121749102,STK
229640,KR7229640008,LS에코에너지,KOSPI,,36500,2,-100,-0.27,37500,37650,36300,103427,3805898800,1123933059300,30624879,STK
389470,KR7389470006,인벤티지랩,KOSDAQ,기술성장기업부,90000,2,-1000,-1.1,91500,99000,88100,854863,79864350600,1117709331200,12391456,KSQ
365550,KR7365550003,ESR켄달스퀘어리츠,KOSPI,,4485,1,200,4.67,4285,4560,4265,2951413,13160127084,1109861390000,246089000,STK
030610,KR7030610000,교보증권,KOSPI,,9500,1,40,0.42,9550,9740,9450,477724,4601918155,1105440721700,113962961,STK
006120,KR7006120000,SK디스커버리,KOSPI,,60000,1,600,1.01,60400,60900,59300,12718,761972250,1102706085500,18347855,STK
192400,KR7192400000,쿠쿠홀딩스,KOSPI,,30900,1,400,1.31,30550,31050,30400,55149,1697204400,1102427735000,35562185,STK
328130,KR7328130000,루닛,KOSDAQ,기술성장기업부,37550,1,450,1.21,37600,37700,36850,166488,6223141775,1092739463100,29256746,KSQ
009240,KR7009240003,한샘,KOSPI,,46200,1,350,0.76,46300,46550,45450,48415,2234648675,1087267473600,23533928,STK
161580,KR7161580006,필옵틱스,KOSDAQ,중견기업부,46250,1,1100,2.44,47400,48500,45800,666950,31402808700,1076526362000,23402747,KSQ
388720,KR7388720005,유일로보틱스,KOSDAQ,벤처기업부,91400,2,-1200,-1.3,92300,93600,88400,485117,44177455050,1069087063000,11696795,KSQ
012630,KR7012630000,HDC,KOSPI,,18030,1,50,0.28,18120,18390,17500,857738,15438407035,1066987137060,59741721,STK
030190,KR7030190003,NICE평가정보,KOSPI,,17940,1,690,4.0,17390,18000,17190,194777,3477055045,1066358146560,59506593,STK
082640,KR7082640004,동양생명,KOSPI,,6560,1,30,0.46,6530,6630,6520,75494,496917620,1063353075150,161358585,STK
317450,KR7317450005,명인제약,KOSPI,,72300,1,800,1.12,71800,73300,71700,57930,4197437450,1054120000000,14600000,STK
468530,KR7468530001,프로티나,KOSDAQ,기술성장기업부,95700,1,4400,4.82,91800,99000,91100,995948,95835630050,1045814288000,10939480,KSQ
424870,KR7424870004,이뮨온시아,KOSDAQ,기술성장기업부,14150,1,2570,22.19,11750,14850,11750,25102882,346627946925,1039052616690,74165069,KSQ
001740,KR7001740000,SK네트웍스,KOSPI,,4685,1,70,1.52,4645,4715,4615,270483,1265983288,1037793360380,221277902,STK
115180,KR7115180002,큐리언트,KOSDAQ,벤처기업부,28600,2,-1100,-3.7,30150,30250,28250,156201,4532780025,1033697596250,35954699,KSQ
036530,KR7036530004,SNT홀딩스,KOSPI,,60200,1,1300,2.21,59500,64000,58500,101330,6238545350,1020623263600,16303886,STK
281740,KR7281740001,레이크머티리얼즈,KOSDAQ,우량기업부,15420,2,-710,-4.4,15930,15980,15230,1039282,16099729480,1015536966600,65730548,KSQ
079160,KR7079160008,CJ CGV,KOSPI,,6130,1,400,6.98,5770,6240,5770,1466137,8939732690,1015014527570,165581489,STK
075580,KR7075580001,세진중공업,KOSPI,,17830,2,-250,-1.38,18130,18370,17750,433265,7747668940,1013625800480,56849456,STK
101490,KR7101490001,에스앤에스텍,KOSDAQ,우량기업부,47050,1,50,0.11,48600,48650,46300,225241,10579363325,1001672569050,21334879,KSQ
137400,KR7137400008,피엔티,KOSDAQ GLOBAL,우량기업부,42450,2,-150,-0.35,42800,42800,41350,177308,7467933400,998396766300,23743086,KSQ
003530,KR7003530003,한화투자증권,KOSPI,,4635,2,-25,-0.54,4700,4765,4635,1251240,5868595894,996574414875,214547775,STK
298020,KR7298020009,효성티앤씨,KOSPI,,230500,1,11000,5.01,222000,231250,220500,36357,8286787750,995366860000,4327682,STK
005690,KR7005690003,파미셀,KOSPI,,16560,2,-120,-0.72,16680,16840,16480,883037,14669861605,995081263120,60016964,STK
213420,KR7213420003,덕산네오룩스,KOSDAQ GLOBAL,우량기업부,39750,2,-900,-2.21,40650,40850,39050,238666,9440636825,980831570500,24831179,KSQ
397030,KR7397030008,에이프릴바이오,KOSDAQ,기술성장기업부,42250,1,1450,3.55,41350,44200,40800,763994,32501573275,979391357200,23208326,KSQ
181710,KR7181710005,NHN,KOSPI,,29650,2,-250,-0.84,30100,30300,29600,55636,1658673200,979318856100,32753139,STK
287840,KR7287840003,인투셀,KOSDAQ,기술성장기업부,64600,1,1500,2.38,63300,64800,62500,392547,24976750650,965845440000,14997600,KSQ
319660,KR7319660007,피에스케이,KOSDAQ GLOBAL,우량기업부,32800,1,450,1.39,32900,33500,32150,434453,14257695825,950108219200,28966714,KSQ
499790,KR7499790004,GS피앤엘,KOSPI,,47450,2,-2400,-4.81,49900,50300,46900,257742,12301303250,947914199800,19830841,STK
112040,KR7112040001,위메이드,KOSDAQ,중견기업부,27650,3,0,0.0,27600,27750,27000,128772,3542029350,938675554950,33948483,KSQ
006650,KR7006650006,대한유화,KOSPI,,145400,2,-2900,-1.96,148300,148400,143900,42938,6250918550,937950000000,6500000,STK
031980,KR7031980006,피에스케이홀딩스,KOSDAQ,우량기업부,43250,2,-950,-2.15,44400,44400,43050,90307,3923244500,932573583750,21562395,KSQ
004490,KR7004490009,세방전지,KOSPI,,65700,1,200,0.31,66100,67100,65700,51216,3382720900,926800000000,14000000,STK
006730,KR7006730006,서부T&D,KOSDAQ,우량기업부,14070,1,2460,21.19,11760,14290,11560,8559524,114904999725,924482421990,65426923,KSQ
007810,KR7007810005,코리아써키트,KOSPI,,38850,2,-1050,-2.63,39950,41550,38400,644972,25672294950,923571364100,23620751,STK
486990,KR7486990005,노타,KOSDAQ,기술성장기업부,43600,2,-1600,-3.54,46000,46050,43300,1810046,80616066950,922657968000,21161880,KSQ
064960,KR7064960008,SNT모티브,KOSPI,,34200,2,-800,-2.29,35200,35525,33950,140765,4859248700,915639384000,26540272,STK
086900,KR7086900008,메디톡스,KOSDAQ,우량기업부,124000,2,-700,-0.56,124800,126000,123200,41898,5205665600,906473327400,7298497,KSQ
003240,KR7003240009,태광산업,KOSPI,,806000,1,17000,2.15,790000,819000,789000,2602,2100577500,901854000000,1113400,STK
195870,KR7195870001,해성디에스,KOSPI,,51800,2,-1300,-2.45,53000,53300,51500,144331,7543404700,887400000000,17000000,STK
183300,KR7183300003,코미코,KOSDAQ GLOBAL,우량기업부,84700,2,-1600,-1.85,87100,87200,84000,110022,9333146600,883927798000,10460684,KSQ
114090,KR7114090004,GKL,KOSPI,,14140,2,-190,-1.33,14470,14590,14090,675550,9628609405,876494843900,61855670,STK
036830,KR7036830008,솔브레인홀딩스,KOSDAQ GLOBAL,우량기업부,41450,2,-1300,-3.04,42700,43050,41300,67374,2805913950,876297540800,20964056,KSQ
066575,KR7066571001,LG전자우,KOSPI,,51200,1,500,0.99,51100,51500,50600,61672,3148804950,873048393600,17185992,STK
298050,KR7298050006,HS효성첨단소재,KOSPI,,195200,1,600,0.31,196400,196700,193800,12493,2439402250,870901891200,4479948,STK
108320,KR7108320003,LX세미콘,KOSPI,,53400,1,1100,2.1,53000,53800,52600,68029,3615904500,863634330000,16264300,STK
093370,KR7093370005,후성,KOSPI,,8000,1,60,0.76,8010,8100,7900,864462,6922193420,860187746600,107255330,STK
166090,KR7166090001,하나머티리얼즈,KOSDAQ GLOBAL,우량기업부,43550,2,-100,-0.23,44050,44050,43100,127541,5548435100,857362167900,19777674,KSQ
086450,KR7086450004,동국제약,KOSDAQ GLOBAL,우량기업부,18920,1,60,0.32,18950,19100,18680,266984,5047665350,853498025400,45230420,KSQ
056190,KR7056190002,에스에프에이,KOSDAQ GLOBAL,우량기업부,23750,2,-150,-0.63,24300,24300,23450,92534,2195554300,852833050000,35908760,KSQ
009450,KR7009450008,경동나비엔,KOSPI,,58600,1,500,0.86,58600,58800,58000,20194,1180948950,850805772800,14568592,STK
100840,KR7100840008,SNT에너지,KOSPI,,40600,1,400,1.0,40850,42400,40600,130233,5394650600,843775946400,20680783,STK
000210,KR7000210005,DL,KOSPI,,40150,1,1250,3.21,39250,41150,38950,171217,6869735650,839283154200,20955884,STK
131970,KR7131970006,두산테스나,KOSDAQ GLOBAL,우량기업부,43350,1,350,0.81,43600,43800,42550,124011,5354040150,836869405400,19327238,KSQ
218410,KR7218410009,RFHIC,KOSDAQ,우량기업부,31150,2,-650,-2.04,32050,32350,30700,260322,8125369875,825582218300,26503442,KSQ
225570,KR7225570001,넥슨게임즈,KOSDAQ,우량기업부,12540,2,-100,-0.79,12650,12690,12410,174345,2185729345,825227980220,65860174,KSQ
381970,KR7381970003,케이카,KOSPI,,16700,1,10,0.06,16750,16780,16440,98200,1631516265,817260995520,48820848,STK
248070,KR7248070005,솔루엠,KOSPI,,17090,2,-50,-0.29,17220,17220,16930,84977,1447464040,815984067340,47816236,STK
019170,KR7019170000,신풍제약,KOSPI,,15340,1,590,4.0,14850,15680,14850,1270949,19516773335,810140497100,52984990,STK
007700,KR7007700008,F&F홀딩스,KOSPI,,20650,1,820,4.14,19780,20950,19780,36280,744359680,807711678550,39114367,STK
000640,KR7000640003,동아쏘시오홀딩스,KOSPI,,122400,2,-200,-0.16,122600,125000,121500,16415,2019677400,805288668800,6536434,STK
067160,KR7067160002,SOOP,KOSDAQ GLOBAL,우량기업부,70100,3,0,0.0,70300,70700,69800,82314,5773970650,803484213300,11494767,KSQ
417200,KR7417200003,LS머트리얼즈,KOSDAQ,중견기업부,11900,2,-80,-0.67,12030,12120,11750,350145,4164300075,803037062330,67652659,KSQ
476060,KR7476060009,온코닉테라퓨틱스,KOSDAQ,기술성장기업부,18000,1,1630,9.96,16650,18290,16510,6508319,115619483765,801707385320,44489866,KSQ
069260,KR7069260008,TKG휴켐스,KOSPI,,19450,3,0,0.0,19590,19600,19200,250481,4879213185,795906108360,40878588,STK
014820,KR7014820005,동원시스템즈,KOSPI,,27650,1,600,2.22,27300,27650,26800,29553,805937175,794361126800,28991282,STK
003850,KR7003850005,보령,KOSPI,,9190,1,10,0.11,9250,9420,9160,230427,2136687060,792673792680,85787207,STK
032190,KR7032190001,다우데이타,KOSDAQ,우량기업부,20400,1,450,2.26,20400,21150,20150,275547,5691318050,787065000000,38300000,KSQ
002030,KR7002030005,아세아,KOSPI,,374000,1,2500,0.67,371500,388000,366000,25934,9731304500,782423865000,2072646,STK
042000,KR7042000000,카페24,KOSDAQ,기술성장기업부,32250,2,-900,-2.71,33200,33400,32150,121517,3936572475,782160991500,24253054,KSQ
005250,KR7005250006,녹십자홀딩스,KOSPI,,16630,1,570,3.55,16200,17000,16140,272906,4572792125,781608850200,47028210,STK
211050,KR7211050000,인카금융서비스,KOSDAQ,우량기업부,15030,2,-520,-3.34,15510,15670,15000,850143,12853816000,779945364000,51379800,KSQ
950210,KR8702070002,프레스티지바이오파마,KOSPI,,12910,1,90,0.7,12940,13100,12690,96409,1238615985,778245207250,60096155,STK
281820,KR7281820001,케이씨텍,KOSPI,,37050,2,-1250,-3.26,38650,38650,37000,153810,5752162675,773818080200,20690323,STK
033500,KR7033500000,동성화인텍,KOSDAQ,우량기업부,25650,3,0,0.0,25750,26200,25500,143653,3692142375,770729995800,29989494,KSQ
002350,KR7002350007,넥센타이어,KOSPI,,7890,1,140,1.81,7750,7960,7750,121049,953680480,770599549530,97667877,STK
376300,KR7376300000,디어유,KOSDAQ,우량기업부,32400,2,-350,-1.07,32950,33100,32100,137830,4464622925,767937434100,23738406,KSQ
095610,KR7095610002,테스,KOSDAQ,우량기업부,38550,2,-750,-1.91,39500,39550,38450,140392,5443932400,766018757500,19768226,KSQ
220100,KR7220100002,퓨쳐켐,KOSDAQ,기술성장기업부,34200,1,1500,4.59,33250,35050,31950,1695070,57334996600,764978850800,22400552,KSQ
174900,KR7174900001,앱클론,KOSDAQ,관리종목(소속부없음),39700,1,50,0.13,41000,42100,39050,306552,12446128925,759899370200,19092949,KSQ
090360,KR7090360009,로보스타,KOSDAQ,중견기업부,77800,1,1100,1.43,77600,80900,76700,592198,46613540400,758550000000,9750000,KSQ
214320,KR7214320004,이노션,KOSPI,,18840,1,70,0.37,18750,18980,18750,116304,2197614285,755200000000,40000000,STK
475960,KR7475960001,토모큐브,KOSDAQ,기술성장기업부,56300,2,-1600,-2.76,57900,59200,55900,379597,21720199700,748683698800,13321774,KSQ
039130,KR7039130000,하나투어,KOSPI,,48750,1,100,0.21,48800,49000,47850,371129,18047407200,748163715600,15489932,STK
071055,KR7071051007,한국금융지주우,KOSPI,,127400,2,-800,-0.62,128500,129000,126600,24924,3177903400,746341177400,5858251,STK
008730,KR7008730004,율촌화학,KOSPI,,30050,2,-500,-1.64,30850,30850,30050,58684,1777326925,745240000000,24800000,STK
451800,KR7451800007,한화리츠,KOSPI,,4160,2,-80,-1.89,4240,4260,4105,683111,2831939966,743544000000,179600000,STK
00088K,KR700088K015,한화3우B,KOSPI,,38150,2,-300,-0.78,38150,38650,37500,33092,1264344125,740279424150,19404441,STK
348210,KR7348210006,넥스틴,KOSDAQ GLOBAL,우량기업부,71100,1,1600,2.3,69700,72200,66600,154326,10933773900,738628852500,10477005,KSQ
003470,KR7003470002,유안타증권,KOSPI,,3680,3,0,0.0,3700,3740,3675,290747,1076455981,738507331200,199596576,STK
084110,KR7084110006,휴온스글로벌,KOSDAQ,중견기업부,57800,1,300,0.52,58300,60300,56500,45275,2633346800,730471152400,12659812,KSQ
121600,KR7121600001,나노신소재,KOSDAQ,우량기업부,59500,2,-800,-1.33,61500,61500,58600,84636,5044897250,730229221800,12211191,KSQ
241710,KR7241710003,코스메카코리아,KOSDAQ,우량기업부,68000,2,-2100,-3.0,70100,70900,67900,82803,5660692750,729444000000,10680000,KSQ
001680,KR7001680008,대상,KOSPI,,20900,3,0,0.0,21000,21100,20750,191747,4014940975,726742324375,34648025,STK
